source_date,source_time,height_m,type
2026-01-01,0048,1.88,LW
2026-01-01,0631,4.36,HW
2026-01-01,1344,0.64,LW
2026-01-01,1927,4.22,HW
2026-01-02,0151,1.96,LW
2026-01-02,0729,4.49,HW
2026-01-02,1443,0.46,LW
2026-01-02,2023,4.39,HW
2026-01-03,0257,1.96,LW
2026-01-03,0824,4.62,HW
2026-01-03,1546,0.35,LW
2026-01-03,2117,4.52,HW
2026-01-04,0406,1.89,LW
2026-01-04,0917,4.72,HW
2026-01-04,1657,0.29,LW
2026-01-04,2208,4.6,HW
2026-01-05,0543,1.79,LW
2026-01-05,1008,4.74,HW
2026-01-05,1808,0.29,LW
2026-01-05,2258,4.63,HW
2026-01-06,0646,1.67,LW
2026-01-06,1059,4.68,HW
2026-01-06,1906,0.36,LW
2026-01-06,2346,4.59,HW
2026-01-07,0737,1.57,LW
2026-01-07,1150,4.53,HW
2026-01-07,1956,0.51,LW
2026-01-08,0035,4.5,HW
2026-01-08,0823,1.5,LW
2026-01-08,1241,4.3,HW
2026-01-08,2039,0.74,LW
2026-01-09,0124,4.37,HW
2026-01-09,0907,1.46,LW
2026-01-09,1336,4.04,HW
2026-01-09,2118,1.03,LW
2026-01-10,0213,4.21,HW
2026-01-10,0949,1.44,LW
2026-01-10,1437,3.79,HW
2026-01-10,2154,1.34,LW
2026-01-11,0304,4.04,HW
2026-01-11,1031,1.41,LW
2026-01-11,1546,3.6,HW
2026-01-11,2231,1.64,LW
2026-01-12,0358,3.87,HW
2026-01-12,1114,1.38,LW
2026-01-12,1657,3.49,HW
2026-01-12,2311,1.9,LW
2026-01-13,0454,3.73,HW
2026-01-13,1200,1.33,LW
2026-01-13,1801,3.46,HW
2026-01-13,2357,2.11,LW
2026-01-14,0551,3.64,HW
2026-01-14,1248,1.26,LW
2026-01-14,1857,3.49,HW
2026-01-15,0048,2.25,LW
2026-01-15,0644,3.6,HW
2026-01-15,1337,1.17,LW
2026-01-15,1947,3.57,HW
2026-01-16,0144,2.3,LW
2026-01-16,0730,3.62,HW
2026-01-16,1427,1.08,LW
2026-01-16,2031,3.66,HW
2026-01-17,0239,2.26,LW
2026-01-17,0810,3.69,HW
2026-01-17,1515,0.98,LW
2026-01-17,2109,3.76,HW
2026-01-18,0328,2.16,LW
2026-01-18,0846,3.8,HW
2026-01-18,1602,0.9,LW
2026-01-18,2141,3.86,HW
2026-01-19,0412,2.03,LW
2026-01-19,0922,3.94,HW
2026-01-19,1648,0.84,LW
2026-01-19,2212,3.98,HW
2026-01-20,0452,1.9,LW
2026-01-20,0959,4.09,HW
2026-01-20,1732,0.81,LW
2026-01-20,2245,4.12,HW
2026-01-21,0529,1.77,LW
2026-01-21,1039,4.23,HW
2026-01-21,1816,0.81,LW
2026-01-21,2320,4.25,HW
2026-01-22,0607,1.64,LW
2026-01-22,1120,4.31,HW
2026-01-22,1857,0.85,LW
2026-01-22,2359,4.36,HW
2026-01-23,0650,1.52,LW
2026-01-23,1205,4.33,HW
2026-01-23,1937,0.94,LW
2026-01-24,0040,4.42,HW
2026-01-24,0743,1.4,LW
2026-01-24,1253,4.26,HW
2026-01-24,2016,1.08,LW
2026-01-25,0124,4.42,HW
2026-01-25,0841,1.27,LW
2026-01-25,1346,4.14,HW
2026-01-25,2057,1.26,LW
2026-01-26,0211,4.37,HW
2026-01-26,0938,1.13,LW
2026-01-26,1444,4.0,HW
2026-01-26,2143,1.48,LW
2026-01-27,0303,4.29,HW
2026-01-27,1033,0.98,LW
2026-01-27,1549,3.88,HW
2026-01-27,2232,1.7,LW
2026-01-28,0400,4.19,HW
2026-01-28,1129,0.85,LW
2026-01-28,1701,3.85,HW
2026-01-28,2328,1.9,LW
2026-01-29,0504,4.13,HW
2026-01-29,1228,0.74,LW
2026-01-29,1813,3.91,HW
2026-01-30,0032,2.03,LW
2026-01-30,0612,4.15,HW
2026-01-30,1329,0.64,LW
2026-01-30,1917,4.06,HW
2026-01-31,0141,2.07,LW
2026-01-31,0716,4.28,HW
2026-01-31,1432,0.56,LW
2026-01-31,2013,4.23,HW
2026-02-01,0249,2.0,LW
2026-02-01,0813,4.44,HW
2026-02-01,1539,0.52,LW
2026-02-01,2102,4.39,HW
2026-02-02,0453,1.86,LW
2026-02-02,0904,4.58,HW
2026-02-02,1704,0.5,LW
2026-02-02,2149,4.5,HW
2026-02-03,0553,1.68,LW
2026-02-03,0953,4.66,HW
2026-02-03,1809,0.51,LW
2026-02-03,2234,4.56,HW
2026-02-04,0640,1.52,LW
2026-02-04,1040,4.64,HW
2026-02-04,1858,0.59,LW
2026-02-04,2318,4.56,HW
2026-02-05,0721,1.41,LW
2026-02-05,1127,4.52,HW
2026-02-05,1939,0.76,LW
2026-02-06,0002,4.49,HW
2026-02-06,0757,1.33,LW
2026-02-06,1214,4.32,HW
2026-02-06,2013,1.0,LW
2026-02-07,0045,4.37,HW
2026-02-07,0831,1.29,LW
2026-02-07,1304,4.06,HW
2026-02-07,2043,1.27,LW
2026-02-08,0129,4.19,HW
2026-02-08,0906,1.28,LW
2026-02-08,1359,3.8,HW
2026-02-08,2115,1.56,LW
2026-02-09,0213,3.99,HW
2026-02-09,0945,1.29,LW
2026-02-09,1504,3.58,HW
2026-02-09,2149,1.82,LW
2026-02-10,0258,3.78,HW
2026-02-10,1028,1.31,LW
2026-02-10,1624,3.44,HW
2026-02-10,2228,2.06,LW
2026-02-11,0351,3.58,HW
2026-02-11,1114,1.32,LW
2026-02-11,1737,3.4,HW
2026-02-11,2314,2.25,LW
2026-02-12,0505,3.45,HW
2026-02-12,1204,1.32,LW
2026-02-12,1836,3.44,HW
2026-02-13,0008,2.36,LW
2026-02-13,0617,3.43,HW
2026-02-13,1257,1.29,LW
2026-02-13,1925,3.53,HW
2026-02-14,0108,2.36,LW
2026-02-14,0708,3.5,HW
2026-02-14,1350,1.23,LW
2026-02-14,2006,3.64,HW
2026-02-15,0207,2.27,LW
2026-02-15,0748,3.65,HW
2026-02-15,1442,1.14,LW
2026-02-15,2039,3.78,HW
2026-02-16,0257,2.11,LW
2026-02-16,0824,3.85,HW
2026-02-16,1531,1.04,LW
2026-02-16,2109,3.93,HW
2026-02-17,0341,1.92,LW
2026-02-17,0900,4.08,HW
2026-02-17,1617,0.96,LW
2026-02-17,2139,4.11,HW
2026-02-18,0420,1.71,LW
2026-02-18,0938,4.31,HW
2026-02-18,1704,0.92,LW
2026-02-18,2213,4.3,HW
2026-02-19,0458,1.51,LW
2026-02-19,1018,4.49,HW
2026-02-19,1752,0.91,LW
2026-02-19,2250,4.47,HW
2026-02-20,0540,1.33,LW
2026-02-20,1100,4.58,HW
2026-02-20,1840,0.96,LW
2026-02-20,2329,4.58,HW
2026-02-21,0631,1.16,LW
2026-02-21,1145,4.57,HW
2026-02-21,1924,1.06,LW
2026-02-22,0010,4.62,HW
2026-02-22,0735,1.01,LW
2026-02-22,1234,4.46,HW
2026-02-22,2006,1.22,LW
2026-02-23,0055,4.57,HW
2026-02-23,0834,0.88,LW
2026-02-23,1327,4.27,HW
2026-02-23,2048,1.41,LW
2026-02-24,0143,4.44,HW
2026-02-24,0926,0.78,LW
2026-02-24,1426,4.06,HW
2026-02-24,2133,1.63,LW
2026-02-25,0236,4.25,HW
2026-02-25,1018,0.73,LW
2026-02-25,1533,3.88,HW
2026-02-25,2223,1.84,LW
2026-02-26,0337,4.05,HW
2026-02-26,1114,0.72,LW
2026-02-26,1649,3.79,HW
2026-02-26,2320,2.0,LW
2026-02-27,0448,3.92,HW
2026-02-27,1214,0.74,LW
2026-02-27,1805,3.84,HW
2026-02-28,0029,2.08,LW
2026-02-28,0603,3.94,HW
2026-02-28,1318,0.75,LW
2026-02-28,1906,3.97,HW
2026-03-01,0148,2.03,LW
2026-03-01,0707,4.09,HW
2026-03-01,1428,0.76,LW
2026-03-01,1957,4.13,HW
2026-03-02,0357,1.86,LW
2026-03-02,0801,4.28,HW
2026-03-02,1601,0.76,LW
2026-03-02,2042,4.28,HW
2026-03-03,0454,1.64,LW
2026-03-03,0849,4.44,HW
2026-03-03,1709,0.75,LW
2026-03-03,2124,4.39,HW
2026-03-04,0541,1.45,LW
2026-03-04,0934,4.52,HW
2026-03-04,1759,0.8,LW
2026-03-04,2206,4.46,HW
2026-03-05,0620,1.31,LW
2026-03-05,1018,4.52,HW
2026-03-05,1841,0.91,LW
2026-03-05,2247,4.47,HW
2026-03-06,0653,1.21,LW
2026-03-06,1102,4.43,HW
2026-03-06,1915,1.09,LW
2026-03-06,2327,4.41,HW
2026-03-07,0720,1.15,LW
2026-03-07,1147,4.26,HW
2026-03-07,1941,1.31,LW
2026-03-08,0006,4.28,HW
2026-03-08,0750,1.12,LW
2026-03-08,1233,4.04,HW
2026-03-08,2006,1.54,LW
2026-03-09,0044,4.11,HW
2026-03-09,0826,1.13,LW
2026-03-09,1323,3.81,HW
2026-03-09,2037,1.76,LW
2026-03-10,0121,3.91,HW
2026-03-10,0905,1.18,LW
2026-03-10,1421,3.6,HW
2026-03-10,2111,1.97,LW
2026-03-11,0156,3.7,HW
2026-03-11,0947,1.26,LW
2026-03-11,1541,3.45,HW
2026-03-11,2149,2.15,LW
2026-03-12,0234,3.51,HW
2026-03-12,1032,1.33,LW
2026-03-12,1704,3.4,HW
2026-03-12,2233,2.29,LW
2026-03-13,0328,3.34,HW
2026-03-13,1121,1.39,LW
2026-03-13,1804,3.44,HW
2026-03-13,2328,2.36,LW
2026-03-14,0537,3.3,HW
2026-03-14,1216,1.41,LW
2026-03-14,1852,3.53,HW
2026-03-15,0033,2.33,LW
2026-03-15,0637,3.43,HW
2026-03-15,1312,1.37,LW
2026-03-15,1929,3.66,HW
2026-03-16,0135,2.18,LW
2026-03-16,0718,3.66,HW
2026-03-16,1405,1.3,LW
2026-03-16,1959,3.83,HW
2026-03-17,0226,1.96,LW
2026-03-17,0756,3.93,HW
2026-03-17,1455,1.22,LW
2026-03-17,2030,4.04,HW
2026-03-18,0309,1.71,LW
2026-03-18,0834,4.23,HW
2026-03-18,1541,1.15,LW
2026-03-18,2104,4.27,HW
2026-03-19,0349,1.44,LW
2026-03-19,0914,4.49,HW
2026-03-19,1626,1.11,LW
2026-03-19,2140,4.49,HW
2026-03-20,0430,1.19,LW
2026-03-20,0956,4.68,HW
2026-03-20,1717,1.12,LW
2026-03-20,2219,4.67,HW
2026-03-21,0518,0.96,LW
2026-03-21,1040,4.76,HW
2026-03-21,1824,1.18,LW
2026-03-21,2300,4.76,HW
2026-03-22,0620,0.78,LW
2026-03-22,1127,4.72,HW
2026-03-22,1913,1.27,LW
2026-03-22,2343,4.75,HW
2026-03-23,0728,0.63,LW
2026-03-23,1217,4.56,HW
2026-03-23,1957,1.4,LW
2026-03-24,0029,4.63,HW
2026-03-24,0822,0.54,LW
2026-03-24,1312,4.33,HW
2026-03-24,2040,1.56,LW
2026-03-25,0120,4.41,HW
2026-03-25,0913,0.52,LW
2026-03-25,1415,4.1,HW
2026-03-25,2127,1.74,LW
2026-03-26,0217,4.14,HW
2026-03-26,1005,0.58,LW
2026-03-26,1525,3.91,HW
2026-03-26,2219,1.89,LW
2026-03-27,0324,3.89,HW
2026-03-27,1101,0.69,LW
2026-03-27,1641,3.83,HW
2026-03-27,2322,1.99,LW
2026-03-28,0442,3.77,HW
2026-03-28,1203,0.82,LW
2026-03-28,1752,3.86,HW
2026-03-29,0057,1.98,LW
2026-03-29,0557,3.81,HW
2026-03-29,1313,0.92,LW
2026-03-29,1847,3.95,HW
2026-03-30,0246,1.8,LW
2026-03-30,0656,3.96,HW
2026-03-30,1440,0.99,LW
2026-03-30,1934,4.06,HW
2026-03-31,0346,1.58,LW
2026-03-31,0745,4.12,HW
2026-03-31,1558,1.03,LW
2026-03-31,2016,4.18,HW
2026-04-01,0435,1.38,LW
2026-04-01,0830,4.25,HW
2026-04-01,1654,1.07,LW
2026-04-01,2057,4.27,HW
2026-04-02,0516,1.22,LW
2026-04-02,0914,4.32,HW
2026-04-02,1739,1.16,LW
2026-04-02,2136,4.32,HW
2026-04-03,0549,1.1,LW
2026-04-03,0957,4.33,HW
2026-04-03,1816,1.3,LW
2026-04-03,2215,4.32,HW
2026-04-04,0614,1.02,LW
2026-04-04,1039,4.26,HW
2026-04-04,1843,1.46,LW
2026-04-04,2253,4.26,HW
2026-04-05,0638,0.97,LW
2026-04-05,1123,4.13,HW
2026-04-05,1903,1.62,LW
2026-04-05,2329,4.14,HW
2026-04-06,0712,0.97,LW
2026-04-06,1207,3.97,HW
2026-04-06,1929,1.77,LW
2026-04-07,0003,3.99,HW
2026-04-07,0750,1.01,LW
2026-04-07,1253,3.81,HW
2026-04-07,2001,1.92,LW
2026-04-08,0036,3.83,HW
2026-04-08,0829,1.1,LW
2026-04-08,1343,3.65,HW
2026-04-08,2035,2.06,LW
2026-04-09,0110,3.66,HW
2026-04-09,0910,1.2,LW
2026-04-09,1440,3.53,HW
2026-04-09,2113,2.17,LW
2026-04-10,0149,3.5,HW
2026-04-10,0953,1.31,LW
2026-04-10,1555,3.47,HW
2026-04-10,2155,2.25,LW
2026-04-11,0243,3.36,HW
2026-04-11,1040,1.4,LW
2026-04-11,1709,3.48,HW
2026-04-11,2251,2.27,LW
2026-04-12,0413,3.29,HW
2026-04-12,1133,1.46,LW
2026-04-12,1758,3.57,HW
2026-04-12,2358,2.19,LW
2026-04-13,0546,3.43,HW
2026-04-13,1229,1.47,LW
2026-04-13,1836,3.72,HW
2026-04-14,0101,2.01,LW
2026-04-14,0639,3.69,HW
2026-04-14,1323,1.44,LW
2026-04-14,1912,3.92,HW
2026-04-15,0153,1.75,LW
2026-04-15,0723,4.0,HW
2026-04-15,1412,1.41,LW
2026-04-15,1949,4.17,HW
2026-04-16,0238,1.44,LW
2026-04-16,0807,4.32,HW
2026-04-16,1458,1.38,LW
2026-04-16,2028,4.42,HW
2026-04-17,0320,1.13,LW
2026-04-17,0850,4.58,HW
2026-04-17,1544,1.37,LW
2026-04-17,2108,4.65,HW
2026-04-18,0406,0.84,LW
2026-04-18,0935,4.76,HW
2026-04-18,1637,1.4,LW
2026-04-18,2150,4.81,HW
2026-04-19,0501,0.61,LW
2026-04-19,1022,4.81,HW
2026-04-19,1757,1.44,LW
2026-04-19,2234,4.87,HW
2026-04-20,0611,0.43,LW
2026-04-20,1111,4.75,HW
2026-04-20,1855,1.49,LW
2026-04-20,2320,4.8,HW
2026-04-21,0714,0.32,LW
2026-04-21,1205,4.59,HW
2026-04-21,1943,1.56,LW
2026-04-22,0010,4.62,HW
2026-04-22,0808,0.3,LW
2026-04-22,1303,4.39,HW
2026-04-22,2030,1.66,LW
2026-04-23,0104,4.36,HW
2026-04-23,0900,0.37,LW
2026-04-23,1406,4.18,HW
2026-04-23,2120,1.75,LW
2026-04-24,0205,4.07,HW
2026-04-24,0953,0.53,LW
2026-04-24,1514,4.03,HW
2026-04-24,2219,1.83,LW
2026-04-25,0316,3.83,HW
2026-04-25,1050,0.73,LW
2026-04-25,1624,3.94,HW
2026-04-25,2338,1.84,LW
2026-04-26,0434,3.72,HW
2026-04-26,1153,0.94,LW
2026-04-26,1727,3.92,HW
2026-04-27,0116,1.72,LW
2026-04-27,0543,3.74,HW
2026-04-27,1302,1.12,LW
2026-04-27,1820,3.95,HW
2026-04-28,0224,1.53,LW
2026-04-28,0639,3.83,HW
2026-04-28,1422,1.26,LW
2026-04-28,1905,4.01,HW
2026-04-29,0318,1.33,LW
2026-04-29,0727,3.94,HW
2026-04-29,1533,1.37,LW
2026-04-29,1948,4.08,HW
2026-04-30,0403,1.17,LW
2026-04-30,0812,4.03,HW
2026-04-30,1627,1.46,LW
2026-04-30,2028,4.13,HW
2026-05-01,0440,1.05,LW
2026-05-01,0855,4.08,HW
2026-05-01,1710,1.57,LW
2026-05-01,2107,4.15,HW
2026-05-02,0505,0.95,LW
2026-05-02,0938,4.1,HW
2026-05-02,1742,1.68,LW
2026-05-02,2145,4.13,HW
2026-05-03,0525,0.87,LW
2026-05-03,1021,4.06,HW
2026-05-03,1800,1.78,LW
2026-05-03,2221,4.08,HW
2026-05-04,0559,0.84,LW
2026-05-04,1104,4.0,HW
2026-05-04,1822,1.86,LW
2026-05-04,2256,3.99,HW
2026-05-05,0638,0.86,LW
2026-05-05,1147,3.91,HW
2026-05-05,1853,1.93,LW
2026-05-05,2329,3.89,HW
2026-05-06,0717,0.92,LW
2026-05-06,1229,3.83,HW
2026-05-06,1927,2.0,LW
2026-05-07,0004,3.78,HW
2026-05-07,0757,1.02,LW
2026-05-07,1312,3.75,HW
2026-05-07,2002,2.06,LW
2026-05-08,0042,3.68,HW
2026-05-08,0837,1.13,LW
2026-05-08,1356,3.69,HW
2026-05-08,2039,2.1,LW
2026-05-09,0127,3.56,HW
2026-05-09,0917,1.24,LW
2026-05-09,1445,3.66,HW
2026-05-09,2122,2.12,LW
2026-05-10,0223,3.46,HW
2026-05-10,1000,1.35,LW
2026-05-10,1539,3.67,HW
2026-05-10,2217,2.09,LW
2026-05-11,0333,3.43,HW
2026-05-11,1047,1.44,LW
2026-05-11,1636,3.73,HW
2026-05-11,2323,1.98,LW
2026-05-12,0451,3.52,HW
2026-05-12,1140,1.51,LW
2026-05-12,1731,3.86,HW
2026-05-13,0025,1.76,LW
2026-05-13,0556,3.75,HW
2026-05-13,1234,1.56,LW
2026-05-13,1821,4.05,HW
2026-05-14,0118,1.48,LW
2026-05-14,0650,4.03,HW
2026-05-14,1325,1.59,LW
2026-05-14,1908,4.28,HW
2026-05-15,0206,1.15,LW
2026-05-15,0740,4.32,HW
2026-05-15,1416,1.62,LW
2026-05-15,1953,4.52,HW
2026-05-16,0253,0.83,LW
2026-05-16,0828,4.56,HW
2026-05-16,1508,1.64,LW
2026-05-16,2039,4.72,HW
2026-05-17,0345,0.56,LW
2026-05-17,0917,4.71,HW
2026-05-17,1606,1.66,LW
2026-05-17,2125,4.85,HW
2026-05-18,0446,0.35,LW
2026-05-18,1007,4.77,HW
2026-05-18,1721,1.67,LW
2026-05-18,2213,4.89,HW
2026-05-19,0555,0.22,LW
2026-05-19,1100,4.73,HW
2026-05-19,1832,1.65,LW
2026-05-19,2303,4.81,HW
2026-05-20,0658,0.16,LW
2026-05-20,1155,4.63,HW
2026-05-20,1926,1.64,LW
2026-05-20,2355,4.62,HW
2026-05-21,0754,0.2,LW
2026-05-21,1252,4.48,HW
2026-05-21,2019,1.65,LW
2026-05-22,0052,4.37,HW
2026-05-22,0848,0.34,LW
2026-05-22,1352,4.32,HW
2026-05-22,2116,1.67,LW
2026-05-23,0154,4.1,HW
2026-05-23,0941,0.56,LW
2026-05-23,1453,4.18,HW
2026-05-23,2221,1.66,LW
2026-05-24,0302,3.86,HW
2026-05-24,1036,0.82,LW
2026-05-24,1554,4.06,HW
2026-05-24,2334,1.61,LW
2026-05-25,0415,3.72,HW
2026-05-25,1131,1.1,LW
2026-05-25,1653,3.99,HW
2026-05-26,0044,1.49,LW
2026-05-26,0522,3.68,HW
2026-05-26,1227,1.36,LW
2026-05-26,1746,3.95,HW
2026-05-27,0144,1.35,LW
2026-05-27,0619,3.7,HW
2026-05-27,1323,1.58,LW
2026-05-27,1834,3.94,HW
2026-05-28,0235,1.21,LW
2026-05-28,0709,3.75,HW
2026-05-28,1433,1.75,LW
2026-05-28,1919,3.95,HW
2026-05-29,0316,1.08,LW
2026-05-29,0756,3.81,HW
2026-05-29,1543,1.87,LW
2026-05-29,2001,3.96,HW
2026-05-30,0343,0.97,LW
2026-05-30,0841,3.86,HW
2026-05-30,1625,1.95,LW
2026-05-30,2041,3.96,HW
2026-05-31,0410,0.87,LW
2026-05-31,0925,3.89,HW
2026-05-31,1640,1.99,LW
2026-05-31,2119,3.94,HW
2026-06-01,0447,0.81,LW
2026-06-01,1008,3.91,HW
2026-06-01,1708,2.0,LW
2026-06-01,2155,3.92,HW
2026-06-02,0527,0.79,LW
2026-06-02,1050,3.91,HW
2026-06-02,1743,1.99,LW
2026-06-02,2230,3.89,HW
2026-06-03,0608,0.81,LW
2026-06-03,1129,3.9,HW
2026-06-03,1819,1.98,LW
2026-06-03,2305,3.86,HW
2026-06-04,0649,0.86,LW
2026-06-04,1206,3.89,HW
2026-06-04,1855,1.98,LW
2026-06-04,2342,3.83,HW
2026-06-05,0729,0.94,LW
2026-06-05,1243,3.89,HW
2026-06-05,1930,1.97,LW
2026-06-06,0024,3.78,HW
2026-06-06,0807,1.04,LW
2026-06-06,1322,3.9,HW
2026-06-06,2009,1.95,LW
2026-06-07,0110,3.73,HW
2026-06-07,0845,1.15,LW
2026-06-07,1405,3.92,HW
2026-06-07,2053,1.92,LW
2026-06-08,0203,3.67,HW
2026-06-08,0923,1.27,LW
2026-06-08,1452,3.94,HW
2026-06-08,2147,1.83,LW
2026-06-09,0303,3.64,HW
2026-06-09,1005,1.4,LW
2026-06-09,1543,3.98,HW
2026-06-09,2248,1.69,LW
2026-06-10,0410,3.67,HW
2026-06-10,1053,1.53,LW
2026-06-10,1638,4.05,HW
2026-06-10,2348,1.47,LW
2026-06-11,0518,3.8,HW
2026-06-11,1146,1.66,LW
2026-06-11,1735,4.16,HW
2026-06-12,0043,1.19,LW
2026-06-12,0619,4.01,HW
2026-06-12,1243,1.77,LW
2026-06-12,1830,4.32,HW
2026-06-13,0136,0.9,LW
2026-06-13,0716,4.23,HW
2026-06-13,1340,1.84,LW
2026-06-13,1923,4.51,HW
2026-06-14,0229,0.62,LW
2026-06-14,0810,4.44,HW
2026-06-14,1440,1.87,LW
2026-06-14,2014,4.68,HW
2026-06-15,0326,0.4,LW
2026-06-15,0903,4.6,HW
2026-06-15,1543,1.85,LW
2026-06-15,2106,4.81,HW
2026-06-16,0430,0.25,LW
2026-06-16,0955,4.69,HW
2026-06-16,1653,1.79,LW
2026-06-16,2157,4.86,HW
2026-06-17,0540,0.17,LW
2026-06-17,1048,4.72,HW
2026-06-17,1809,1.71,LW
2026-06-17,2249,4.81,HW
2026-06-18,0646,0.16,LW
2026-06-18,1141,4.68,HW
2026-06-18,1914,1.62,LW
2026-06-18,2342,4.67,HW
2026-06-19,0744,0.25,LW
2026-06-19,1234,4.58,HW
2026-06-19,2013,1.55,LW
2026-06-20,0037,4.45,HW
2026-06-20,0837,0.42,LW
2026-06-20,1327,4.45,HW
2026-06-20,2109,1.5,LW
2026-06-21,0135,4.19,HW
2026-06-21,0927,0.67,LW
2026-06-21,1422,4.3,HW
2026-06-21,2205,1.45,LW
2026-06-22,0238,3.93,HW
2026-06-22,1013,0.98,LW
2026-06-22,1517,4.15,HW
2026-06-22,2259,1.4,LW
2026-06-23,0347,3.73,HW
2026-06-23,1057,1.31,LW
2026-06-23,1613,4.01,HW
2026-06-23,2352,1.35,LW
2026-06-24,0456,3.62,HW
2026-06-24,1140,1.61,LW
2026-06-24,1709,3.9,HW
2026-06-25,0041,1.27,LW
2026-06-25,0558,3.58,HW
2026-06-25,1224,1.87,LW
2026-06-25,1801,3.83,HW
2026-06-26,0125,1.18,LW
2026-06-26,0653,3.59,HW
2026-06-26,1312,2.05,LW
2026-06-26,1851,3.79,HW
2026-06-27,0207,1.08,LW
2026-06-27,0744,3.64,HW
2026-06-27,1404,2.15,LW
2026-06-27,1937,3.77,HW
2026-06-28,0248,0.99,LW
2026-06-28,0831,3.71,HW
2026-06-28,1457,2.18,LW
2026-06-28,2020,3.78,HW
2026-06-29,0331,0.9,LW
2026-06-29,0915,3.78,HW
2026-06-29,1545,2.15,LW
2026-06-29,2059,3.8,HW
2026-06-30,0415,0.85,LW
2026-06-30,0955,3.84,HW
2026-06-30,1629,2.08,LW
2026-06-30,2135,3.84,HW
2026-07-01,0459,0.82,LW
2026-07-01,1031,3.89,HW
2026-07-01,1708,2.0,LW
2026-07-01,2210,3.89,HW
2026-07-02,0542,0.82,LW
2026-07-02,1104,3.94,HW
2026-07-02,1746,1.93,LW
2026-07-02,2246,3.95,HW
2026-07-03,0624,0.85,LW
2026-07-03,1137,4.0,HW
2026-07-03,1822,1.85,LW
2026-07-03,2324,3.99,HW
2026-07-04,0704,0.9,LW
2026-07-04,1211,4.07,HW
2026-07-04,1900,1.79,LW
2026-07-05,0005,4.01,HW
2026-07-05,0741,0.99,LW
2026-07-05,1249,4.14,HW
2026-07-05,1941,1.72,LW
2026-07-06,0051,3.99,HW
2026-07-06,0815,1.1,LW
2026-07-06,1330,4.18,HW
2026-07-06,2029,1.63,LW
2026-07-07,0140,3.93,HW
2026-07-07,0851,1.24,LW
2026-07-07,1415,4.19,HW
2026-07-07,2123,1.51,LW
2026-07-08,0236,3.86,HW
2026-07-08,0931,1.41,LW
2026-07-08,1503,4.19,HW
2026-07-08,2220,1.36,LW
2026-07-09,0338,3.81,HW
2026-07-09,1018,1.59,LW
2026-07-09,1557,4.18,HW
2026-07-09,2316,1.17,LW
2026-07-10,0446,3.83,HW
2026-07-10,1111,1.78,LW
2026-07-10,1656,4.19,HW
2026-07-11,0013,0.95,LW
2026-07-11,0554,3.93,HW
2026-07-11,1211,1.93,LW
2026-07-11,1758,4.26,HW
2026-07-12,0111,0.74,LW
2026-07-12,0658,4.1,HW
2026-07-12,1315,2.01,LW
2026-07-12,1859,4.39,HW
2026-07-13,0210,0.56,LW
2026-07-13,0757,4.3,HW
2026-07-13,1421,2.0,LW
2026-07-13,1957,4.55,HW
2026-07-14,0310,0.41,LW
2026-07-14,0851,4.48,HW
2026-07-14,1526,1.92,LW
2026-07-14,2052,4.72,HW
2026-07-15,0415,0.32,LW
2026-07-15,0942,4.62,HW
2026-07-15,1630,1.79,LW
2026-07-15,2144,4.82,HW
2026-07-16,0532,0.29,LW
2026-07-16,1031,4.69,HW
2026-07-16,1806,1.65,LW
2026-07-16,2235,4.83,HW
2026-07-17,0641,0.31,LW
2026-07-17,1120,4.7,HW
2026-07-17,1911,1.49,LW
2026-07-17,2325,4.72,HW
2026-07-18,0736,0.41,LW
2026-07-18,1208,4.64,HW
2026-07-18,2003,1.37,LW
2026-07-19,0016,4.52,HW
2026-07-19,0823,0.61,LW
2026-07-19,1256,4.52,HW
2026-07-19,2049,1.3,LW
2026-07-20,0110,4.25,HW
2026-07-20,0904,0.89,LW
2026-07-20,1345,4.36,HW
2026-07-20,2133,1.26,LW
2026-07-21,0208,3.96,HW
2026-07-21,0941,1.21,LW
2026-07-21,1435,4.17,HW
2026-07-21,2215,1.25,LW
2026-07-22,0314,3.72,HW
2026-07-22,1017,1.54,LW
2026-07-22,1529,3.97,HW
2026-07-22,2258,1.25,LW
2026-07-23,0428,3.56,HW
2026-07-23,1055,1.84,LW
2026-07-23,1627,3.79,HW
2026-07-23,2342,1.24,LW
2026-07-24,0538,3.49,HW
2026-07-24,1139,2.09,LW
2026-07-24,1728,3.66,HW
2026-07-25,0030,1.22,LW
2026-07-25,0638,3.5,HW
2026-07-25,1229,2.25,LW
2026-07-25,1827,3.6,HW
2026-07-26,0119,1.17,LW
2026-07-26,0731,3.56,HW
2026-07-26,1325,2.32,LW
2026-07-26,1919,3.6,HW
2026-07-27,0209,1.11,LW
2026-07-27,0817,3.64,HW
2026-07-27,1421,2.29,LW
2026-07-27,2003,3.65,HW
2026-07-28,0258,1.04,LW
2026-07-28,0857,3.73,HW
2026-07-28,1512,2.19,LW
2026-07-28,2041,3.75,HW
2026-07-29,0346,0.97,LW
2026-07-29,0932,3.83,HW
2026-07-29,1557,2.05,LW
2026-07-29,2115,3.87,HW
2026-07-30,0432,0.92,LW
2026-07-30,1003,3.92,HW
2026-07-30,1637,1.9,LW
2026-07-30,2149,4.0,HW
2026-07-31,0517,0.89,LW
2026-07-31,1032,4.04,HW
2026-07-31,1715,1.76,LW
2026-07-31,2225,4.13,HW
2026-08-01,0601,0.9,LW
2026-08-01,1104,4.16,HW
2026-08-01,1752,1.64,LW
2026-08-01,2303,4.23,HW
2026-08-02,0641,0.94,LW
2026-08-02,1139,4.28,HW
2026-08-02,1831,1.52,LW
2026-08-02,2345,4.28,HW
2026-08-03,0717,1.02,LW
2026-08-03,1217,4.36,HW
2026-08-03,1917,1.4,LW
2026-08-04,0029,4.25,HW
2026-08-04,0751,1.15,LW
2026-08-04,1258,4.4,HW
2026-08-04,2011,1.29,LW
2026-08-05,0118,4.16,HW
2026-08-05,0828,1.31,LW
2026-08-05,1342,4.37,HW
2026-08-05,2106,1.16,LW
2026-08-06,0213,4.03,HW
2026-08-06,0910,1.51,LW
2026-08-06,1430,4.29,HW
2026-08-06,2159,1.03,LW
2026-08-07,0314,3.9,HW
2026-08-07,0957,1.71,LW
2026-08-07,1524,4.18,HW
2026-08-07,2253,0.91,LW
2026-08-08,0422,3.82,HW
2026-08-08,1051,1.9,LW
2026-08-08,1626,4.09,HW
2026-08-08,2351,0.81,LW
2026-08-09,0536,3.85,HW
2026-08-09,1153,2.04,LW
2026-08-09,1736,4.09,HW
2026-08-10,0052,0.71,LW
2026-08-10,0646,3.99,HW
2026-08-10,1302,2.08,LW
2026-08-10,1845,4.21,HW
2026-08-11,0155,0.63,LW
2026-08-11,0745,4.19,HW
2026-08-11,1411,2.01,LW
2026-08-11,1946,4.41,HW
2026-08-12,0258,0.56,LW
2026-08-12,0836,4.38,HW
2026-08-12,1515,1.86,LW
2026-08-12,2039,4.61,HW
2026-08-13,0412,0.53,LW
2026-08-13,0923,4.54,HW
2026-08-13,1714,1.67,LW
2026-08-13,2129,4.75,HW
2026-08-14,0540,0.52,LW
2026-08-14,1008,4.64,HW
2026-08-14,1813,1.46,LW
2026-08-14,2217,4.78,HW
2026-08-15,0637,0.56,LW
2026-08-15,1053,4.67,HW
2026-08-15,1900,1.29,LW
2026-08-15,2304,4.7,HW
2026-08-16,0722,0.69,LW
2026-08-16,1137,4.63,HW
2026-08-16,1941,1.18,LW
2026-08-16,2352,4.51,HW
2026-08-17,0801,0.91,LW
2026-08-17,1221,4.51,HW
2026-08-17,2018,1.12,LW
2026-08-18,0042,4.25,HW
2026-08-18,0834,1.18,LW
2026-08-18,1306,4.33,HW
2026-08-18,2054,1.11,LW
2026-08-19,0137,3.96,HW
2026-08-19,0904,1.48,LW
2026-08-19,1351,4.1,HW
2026-08-19,2132,1.14,LW
2026-08-20,0241,3.71,HW
2026-08-20,0937,1.77,LW
2026-08-20,1440,3.86,HW
2026-08-20,2212,1.19,LW
2026-08-21,0359,3.53,HW
2026-08-21,1014,2.02,LW
2026-08-21,1536,3.63,HW
2026-08-21,2256,1.25,LW
2026-08-22,0514,3.46,HW
2026-08-22,1058,2.22,LW
2026-08-22,1653,3.46,HW
2026-08-22,2345,1.3,LW
2026-08-23,0616,3.46,HW
2026-08-23,1150,2.35,LW
2026-08-23,1807,3.42,HW
2026-08-24,0038,1.31,LW
2026-08-24,0708,3.53,HW
2026-08-24,1250,2.37,LW
2026-08-24,1900,3.48,HW
2026-08-25,0132,1.28,LW
2026-08-25,0751,3.63,HW
2026-08-25,1350,2.28,LW
2026-08-25,1942,3.6,HW
2026-08-26,0225,1.22,LW
2026-08-26,0828,3.73,HW
2026-08-26,1442,2.12,LW
2026-08-26,2017,3.76,HW
2026-08-27,0314,1.15,LW
2026-08-27,0858,3.86,HW
2026-08-27,1527,1.92,LW
2026-08-27,2050,3.96,HW
2026-08-28,0402,1.08,LW
2026-08-28,0927,4.0,HW
2026-08-28,1607,1.72,LW
2026-08-28,2125,4.16,HW
2026-08-29,0448,1.04,LW
2026-08-29,0957,4.17,HW
2026-08-29,1645,1.52,LW
2026-08-29,2201,4.34,HW
2026-08-30,0535,1.04,LW
2026-08-30,1030,4.34,HW
2026-08-30,1723,1.34,LW
2026-08-30,2241,4.47,HW
2026-08-31,0619,1.08,LW
2026-08-31,1107,4.48,HW
2026-08-31,1807,1.18,LW
2026-08-31,2323,4.51,HW
2026-09-01,0658,1.17,LW
2026-09-01,1146,4.55,HW
2026-09-01,1902,1.04,LW
2026-09-02,0009,4.45,HW
2026-09-02,0736,1.3,LW
2026-09-02,1228,4.54,HW
2026-09-02,2001,0.91,LW
2026-09-03,0059,4.31,HW
2026-09-03,0816,1.46,LW
2026-09-03,1313,4.45,HW
2026-09-03,2053,0.82,LW
2026-09-04,0154,4.12,HW
2026-09-04,0859,1.64,LW
2026-09-04,1403,4.28,HW
2026-09-04,2144,0.76,LW
2026-09-05,0257,3.94,HW
2026-09-05,0948,1.83,LW
2026-09-05,1500,4.09,HW
2026-09-05,2238,0.75,LW
2026-09-06,0408,3.82,HW
2026-09-06,1043,1.98,LW
2026-09-06,1608,3.93,HW
2026-09-06,2336,0.76,LW
2026-09-07,0525,3.83,HW
2026-09-07,1148,2.06,LW
2026-09-07,1725,3.91,HW
2026-09-08,0039,0.78,LW
2026-09-08,0633,3.95,HW
2026-09-08,1302,2.03,LW
2026-09-08,1836,4.05,HW
2026-09-09,0145,0.79,LW
2026-09-09,0728,4.12,HW
2026-09-09,1419,1.88,LW
2026-09-09,1934,4.27,HW
2026-09-10,0257,0.8,LW
2026-09-10,0815,4.3,HW
2026-09-10,1619,1.64,LW
2026-09-10,2024,4.47,HW
2026-09-11,0436,0.8,LW
2026-09-11,0859,4.45,HW
2026-09-11,1712,1.41,LW
2026-09-11,2111,4.6,HW
2026-09-12,0535,0.81,LW
2026-09-12,0942,4.54,HW
2026-09-12,1757,1.21,LW
2026-09-12,2156,4.63,HW
2026-09-13,0622,0.9,LW
2026-09-13,1023,4.57,HW
2026-09-13,1835,1.07,LW
2026-09-13,2242,4.56,HW
2026-09-14,0701,1.06,LW
2026-09-14,1105,4.53,HW
2026-09-14,1909,0.99,LW
2026-09-14,2328,4.4,HW
2026-09-15,0732,1.27,LW
2026-09-15,1146,4.4,HW
2026-09-15,1940,0.97,LW
2026-09-16,0016,4.18,HW
2026-09-16,0759,1.5,LW
2026-09-16,1227,4.22,HW
2026-09-16,2014,0.99,LW
2026-09-17,0108,3.94,HW
2026-09-17,0827,1.73,LW
2026-09-17,1308,3.99,HW
2026-09-17,2052,1.06,LW
2026-09-18,0210,3.71,HW
2026-09-18,0900,1.95,LW
2026-09-18,1349,3.74,HW
2026-09-18,2132,1.16,LW
2026-09-19,0327,3.55,HW
2026-09-19,0937,2.13,LW
2026-09-19,1434,3.5,HW
2026-09-19,2216,1.28,LW
2026-09-20,0443,3.47,HW
2026-09-20,1021,2.27,LW
2026-09-20,1549,3.31,HW
2026-09-20,2304,1.38,LW
2026-09-21,0544,3.48,HW
2026-09-21,1114,2.34,LW
2026-09-21,1738,3.29,HW
2026-09-21,2358,1.44,LW
2026-09-22,0635,3.54,HW
2026-09-22,1217,2.32,LW
2026-09-22,1832,3.39,HW
2026-09-23,0054,1.45,LW
2026-09-23,0716,3.63,HW
2026-09-23,1319,2.18,LW
2026-09-23,1912,3.57,HW
2026-09-24,0148,1.41,LW
2026-09-24,0748,3.76,HW
2026-09-24,1412,1.97,LW
2026-09-24,1947,3.79,HW
2026-09-25,0238,1.35,LW
2026-09-25,0817,3.92,HW
2026-09-25,1457,1.72,LW
2026-09-25,2021,4.05,HW
2026-09-26,0325,1.29,LW
2026-09-26,0848,4.12,HW
2026-09-26,1537,1.47,LW
2026-09-26,2058,4.29,HW
2026-09-27,0409,1.26,LW
2026-09-27,0921,4.33,HW
2026-09-27,1616,1.22,LW
2026-09-27,2137,4.5,HW
2026-09-28,0455,1.27,LW
2026-09-28,0957,4.52,HW
2026-09-28,1658,1.0,LW
2026-09-28,2219,4.62,HW
2026-09-29,0549,1.31,LW
2026-09-29,1036,4.65,HW
2026-09-29,1750,0.81,LW
2026-09-29,2303,4.64,HW
2026-09-30,0642,1.38,LW
2026-09-30,1118,4.69,HW
2026-09-30,1854,0.67,LW
2026-09-30,2351,4.56,HW
2026-10-01,0725,1.48,LW
2026-10-01,1202,4.62,HW
2026-10-01,1950,0.57,LW
2026-10-02,0044,4.39,HW
2026-10-02,0809,1.61,LW
2026-10-02,1250,4.45,HW
2026-10-02,2041,0.54,LW
2026-10-03,0142,4.19,HW
2026-10-03,0854,1.74,LW
2026-10-03,1344,4.21,HW
2026-10-03,2132,0.57,LW
2026-10-04,0247,4.0,HW
2026-10-04,0945,1.86,LW
2026-10-04,1446,3.97,HW
2026-10-04,2226,0.67,LW
2026-10-05,0358,3.89,HW
2026-10-05,1043,1.95,LW
2026-10-05,1600,3.81,HW
2026-10-05,2326,0.79,LW
2026-10-06,0511,3.89,HW
2026-10-06,1157,1.94,LW
2026-10-06,1719,3.81,HW
2026-10-07,0031,0.9,LW
2026-10-07,0614,3.97,HW
2026-10-07,1352,1.81,LW
2026-10-07,1825,3.94,HW
2026-10-08,0142,1.0,LW
2026-10-08,0704,4.09,HW
2026-10-08,1509,1.57,LW
2026-10-08,1919,4.12,HW
2026-10-09,0316,1.07,LW
2026-10-09,0750,4.22,HW
2026-10-09,1604,1.34,LW
2026-10-09,2007,4.27,HW
2026-10-10,0424,1.11,LW
2026-10-10,0832,4.33,HW
2026-10-10,1650,1.14,LW
2026-10-10,2052,4.37,HW
2026-10-11,0516,1.19,LW
2026-10-11,0913,4.39,HW
2026-10-11,1730,0.99,LW
2026-10-11,2136,4.39,HW
2026-10-12,0559,1.3,LW
2026-10-12,0954,4.41,HW
2026-10-12,1802,0.9,LW
2026-10-12,2221,4.34,HW
2026-10-13,0633,1.46,LW
2026-10-13,1034,4.35,HW
2026-10-13,1829,0.85,LW
2026-10-13,2307,4.23,HW
2026-10-14,0658,1.62,LW
2026-10-14,1113,4.23,HW
2026-10-14,1900,0.85,LW
2026-10-14,2354,4.07,HW
2026-10-15,0720,1.78,LW
2026-10-15,1151,4.06,HW
2026-10-15,1937,0.9,LW
2026-10-16,0045,3.9,HW
2026-10-16,0750,1.92,LW
2026-10-16,1228,3.86,HW
2026-10-16,2016,1.0,LW
2026-10-17,0141,3.74,HW
2026-10-17,0824,2.04,LW
2026-10-17,1306,3.66,HW
2026-10-17,2056,1.13,LW
2026-10-18,0244,3.62,HW
2026-10-18,0903,2.15,LW
2026-10-18,1346,3.47,HW
2026-10-18,2139,1.27,LW
2026-10-19,0353,3.54,HW
2026-10-19,0946,2.22,LW
2026-10-19,1441,3.3,HW
2026-10-19,2225,1.4,LW
2026-10-20,0455,3.52,HW
2026-10-20,1040,2.25,LW
2026-10-20,1621,3.24,HW
2026-10-20,2316,1.5,LW
2026-10-21,0545,3.57,HW
2026-10-21,1143,2.18,LW
2026-10-21,1743,3.35,HW
2026-10-22,0011,1.55,LW
2026-10-22,0624,3.67,HW
2026-10-22,1246,2.01,LW
2026-10-22,1829,3.55,HW
2026-10-23,0104,1.56,LW
2026-10-23,0657,3.82,HW
2026-10-23,1339,1.77,LW
2026-10-23,1910,3.81,HW
2026-10-24,0153,1.54,LW
2026-10-24,0731,4.02,HW
2026-10-24,1424,1.49,LW
2026-10-24,1950,4.09,HW
2026-10-25,0239,1.53,LW
2026-10-25,0807,4.24,HW
2026-10-25,1506,1.19,LW
2026-10-25,2031,4.36,HW
2026-10-26,0324,1.52,LW
2026-10-26,0846,4.47,HW
2026-10-26,1548,0.91,LW
2026-10-26,2114,4.56,HW
2026-10-27,0411,1.54,LW
2026-10-27,0927,4.65,HW
2026-10-27,1636,0.67,LW
2026-10-27,2159,4.67,HW
2026-10-28,0508,1.57,LW
2026-10-28,1009,4.76,HW
2026-10-28,1736,0.49,LW
2026-10-28,2247,4.68,HW
2026-10-29,0617,1.6,LW
2026-10-29,1054,4.76,HW
2026-10-29,1840,0.37,LW
2026-10-29,2338,4.6,HW
2026-10-30,0709,1.63,LW
2026-10-30,1142,4.65,HW
2026-10-30,1937,0.32,LW
2026-10-31,0033,4.46,HW
2026-10-31,0758,1.68,LW
2026-10-31,1235,4.45,HW
2026-10-31,2029,0.35,LW
2026-11-01,0133,4.29,HW
2026-11-01,0848,1.73,LW
2026-11-01,1333,4.19,HW
2026-11-01,2122,0.47,LW
2026-11-02,0236,4.14,HW
2026-11-02,0944,1.78,LW
2026-11-02,1438,3.95,HW
2026-11-02,2218,0.65,LW
2026-11-03,0342,4.03,HW
2026-11-03,1053,1.78,LW
2026-11-03,1552,3.79,HW
2026-11-03,2317,0.85,LW
2026-11-04,0448,3.99,HW
2026-11-04,1225,1.68,LW
2026-11-04,1706,3.77,HW
2026-11-05,0021,1.06,LW
2026-11-05,0546,4.0,HW
2026-11-05,1343,1.5,LW
2026-11-05,1809,3.84,HW
2026-11-06,0131,1.24,LW
2026-11-06,0636,4.05,HW
2026-11-06,1444,1.29,LW
2026-11-06,1902,3.94,HW
2026-11-07,0254,1.38,LW
2026-11-07,0721,4.12,HW
2026-11-07,1535,1.11,LW
2026-11-07,1949,4.03,HW
2026-11-08,0359,1.49,LW
2026-11-08,0804,4.17,HW
2026-11-08,1618,0.96,LW
2026-11-08,2035,4.1,HW
2026-11-09,0450,1.6,LW
2026-11-09,0846,4.2,HW
2026-11-09,1653,0.86,LW
2026-11-09,2120,4.12,HW
2026-11-10,0530,1.7,LW
2026-11-10,0926,4.19,HW
2026-11-10,1719,0.79,LW
2026-11-10,2205,4.11,HW
2026-11-11,0558,1.81,LW
2026-11-11,1006,4.14,HW
2026-11-11,1748,0.76,LW
2026-11-11,2251,4.06,HW
2026-11-12,0614,1.89,LW
2026-11-12,1045,4.04,HW
2026-11-12,1824,0.78,LW
2026-11-12,2338,3.98,HW
2026-11-13,0640,1.95,LW
2026-11-13,1122,3.92,HW
2026-11-13,1904,0.85,LW
2026-11-14,0025,3.89,HW
2026-11-14,0714,2.0,LW
2026-11-14,1158,3.79,HW
2026-11-14,1944,0.96,LW
2026-11-15,0110,3.81,HW
2026-11-15,0751,2.05,LW
2026-11-15,1236,3.66,HW
2026-11-15,2024,1.09,LW
2026-11-16,0154,3.73,HW
2026-11-16,0830,2.08,LW
2026-11-16,1318,3.53,HW
2026-11-16,2105,1.23,LW
2026-11-17,0237,3.68,HW
2026-11-17,0913,2.1,LW
2026-11-17,1410,3.43,HW
2026-11-17,2147,1.36,LW
2026-11-18,0324,3.67,HW
2026-11-18,1006,2.07,LW
2026-11-18,1514,3.37,HW
2026-11-18,2232,1.48,LW
2026-11-19,0415,3.7,HW
2026-11-19,1107,1.97,LW
2026-11-19,1628,3.42,HW
2026-11-19,2321,1.58,LW
2026-11-20,0508,3.78,HW
2026-11-20,1207,1.79,LW
2026-11-20,1735,3.58,HW
2026-11-21,0012,1.66,LW
2026-11-21,0557,3.92,HW
2026-11-21,1301,1.53,LW
2026-11-21,1830,3.82,HW
2026-11-22,0102,1.72,LW
2026-11-22,0643,4.11,HW
2026-11-22,1348,1.24,LW
2026-11-22,1919,4.09,HW
2026-11-23,0152,1.76,LW
2026-11-23,0729,4.33,HW
2026-11-23,1434,0.93,LW
2026-11-23,2007,4.33,HW
2026-11-24,0242,1.78,LW
2026-11-24,0814,4.54,HW
2026-11-24,1522,0.66,LW
2026-11-24,2055,4.53,HW
2026-11-25,0336,1.78,LW
2026-11-25,0900,4.71,HW
2026-11-25,1616,0.44,LW
2026-11-25,2144,4.65,HW
2026-11-26,0437,1.77,LW
2026-11-26,0948,4.81,HW
2026-11-26,1719,0.28,LW
2026-11-26,2235,4.69,HW
2026-11-27,0546,1.73,LW
2026-11-27,1037,4.81,HW
2026-11-27,1824,0.2,LW
2026-11-27,2328,4.66,HW
2026-11-28,0649,1.68,LW
2026-11-28,1128,4.71,HW
2026-11-28,1924,0.19,LW
2026-11-29,0023,4.57,HW
2026-11-29,0746,1.64,LW
2026-11-29,1223,4.52,HW
2026-11-29,2019,0.28,LW
2026-11-30,0119,4.45,HW
2026-11-30,0845,1.61,LW
2026-11-30,1322,4.27,HW
2026-11-30,2114,0.46,LW
2026-12-01,0217,4.31,HW
2026-12-01,0948,1.58,LW
2026-12-01,1425,4.02,HW
2026-12-01,2208,0.7,LW
2026-12-02,0316,4.18,HW
2026-12-02,1056,1.51,LW
2026-12-02,1535,3.83,HW
2026-12-02,2303,0.97,LW
2026-12-03,0415,4.08,HW
2026-12-03,1204,1.4,LW
2026-12-03,1646,3.73,HW
2026-12-03,2357,1.26,LW
2026-12-04,0512,4.02,HW
2026-12-04,1307,1.27,LW
2026-12-04,1750,3.72,HW
2026-12-05,0052,1.52,LW
2026-12-05,0605,3.99,HW
2026-12-05,1404,1.13,LW
2026-12-05,1845,3.75,HW
2026-12-06,0154,1.74,LW
2026-12-06,0653,3.98,HW
2026-12-06,1453,1.01,LW
2026-12-06,1934,3.79,HW
2026-12-07,0320,1.89,LW
2026-12-07,0738,3.98,HW
2026-12-07,1532,0.91,LW
2026-12-07,2022,3.85,HW
2026-12-08,0416,1.97,LW
2026-12-08,0822,3.98,HW
2026-12-08,1602,0.83,LW
2026-12-08,2109,3.9,HW
2026-12-09,0452,2.02,LW
2026-12-09,0904,3.97,HW
2026-12-09,1634,0.78,LW
2026-12-09,2155,3.93,HW
2026-12-10,0459,2.04,LW
2026-12-10,0944,3.95,HW
2026-12-10,1713,0.76,LW
2026-12-10,2239,3.95,HW
2026-12-11,0528,2.02,LW
2026-12-11,1022,3.91,HW
2026-12-11,1754,0.78,LW
2026-12-11,2321,3.94,HW
2026-12-12,0603,1.99,LW
2026-12-12,1059,3.87,HW
2026-12-12,1835,0.84,LW
2026-12-12,2359,3.92,HW
2026-12-13,0640,1.97,LW
2026-12-13,1135,3.82,HW
2026-12-13,1916,0.93,LW
2026-12-14,0035,3.91,HW
2026-12-14,0718,1.95,LW
2026-12-14,1214,3.77,HW
2026-12-14,1955,1.04,LW
2026-12-15,0110,3.9,HW
2026-12-15,0758,1.93,LW
2026-12-15,1256,3.71,HW
2026-12-15,2033,1.17,LW
2026-12-16,0148,3.91,HW
2026-12-16,0841,1.89,LW
2026-12-16,1343,3.65,HW
2026-12-16,2109,1.3,LW
2026-12-17,0230,3.92,HW
2026-12-17,0932,1.83,LW
2026-12-17,1438,3.6,HW
2026-12-17,2146,1.45,LW
2026-12-18,0316,3.94,HW
2026-12-18,1028,1.7,LW
2026-12-18,1540,3.59,HW
2026-12-18,2228,1.59,LW
2026-12-19,0407,3.98,HW
2026-12-19,1125,1.52,LW
2026-12-19,1647,3.66,HW
2026-12-19,2317,1.74,LW
2026-12-20,0503,4.05,HW
2026-12-20,1219,1.28,LW
2026-12-20,1752,3.82,HW
2026-12-21,0012,1.86,LW
2026-12-21,0559,4.17,HW
2026-12-21,1311,1.02,LW
2026-12-21,1851,4.03,HW
2026-12-22,0110,1.94,LW
2026-12-22,0654,4.33,HW
2026-12-22,1404,0.75,LW
2026-12-22,1946,4.25,HW
2026-12-23,0210,1.97,LW
2026-12-23,0748,4.52,HW
2026-12-23,1458,0.52,LW
2026-12-23,2039,4.45,HW
2026-12-24,0311,1.93,LW
2026-12-24,0840,4.7,HW
2026-12-24,1557,0.34,LW
2026-12-24,2131,4.61,HW
2026-12-25,0413,1.85,LW
2026-12-25,0932,4.82,HW
2026-12-25,1701,0.23,LW
2026-12-25,2223,4.7,HW
2026-12-26,0518,1.74,LW
2026-12-26,1024,4.87,HW
2026-12-26,1811,0.19,LW
2026-12-26,2314,4.73,HW
2026-12-27,0631,1.62,LW
2026-12-27,1116,4.8,HW
2026-12-27,1915,0.22,LW
2026-12-28,0005,4.69,HW
2026-12-28,0741,1.5,LW
2026-12-28,1209,4.64,HW
2026-12-28,2012,0.34,LW
2026-12-29,0056,4.59,HW
2026-12-29,0842,1.4,LW
2026-12-29,1305,4.39,HW
2026-12-29,2104,0.55,LW
2026-12-30,0149,4.45,HW
2026-12-30,0938,1.32,LW
2026-12-30,1404,4.11,HW
2026-12-30,2151,0.84,LW
2026-12-31,0243,4.29,HW
2026-12-31,1032,1.26,LW
2026-12-31,1510,3.86,HW
2026-12-31,2236,1.17,LW
