station_id,query_local,prev_type,next_type,expected_trend,height_m,bounded_pass
CUR003,2026-08-23T17:44:49.619855084,HW,LW,FALLING,,True
CUR003,2026-01-24T10:29:53.695816473,HW,LW,FALLING,,True
CUR003,2026-03-27T00:59:11.044116959,HW,LW,FALLING,,True
CUR003,2026-09-22T01:47:18.877678901,HW,LW,FALLING,,True
CUR003,2026-08-13T22:03:30.661387205,LW,HW,RISING,,True
CUR003,2026-10-29T23:40:20.753968464,LW,HW,RISING,,True
CUR003,2026-04-01T14:33:16.072811477,HW,LW,FALLING,,True
CUR003,2026-05-28T20:59:41.204888202,LW,HW,RISING,,True
CUR003,2026-09-16T05:40:13.586731863,HW,LW,FALLING,,True
CUR003,2026-08-30T02:58:31.476790948,HW,LW,FALLING,,True
CUR003,2026-07-12T04:56:14.030616922,HW,LW,FALLING,,True
CUR003,2026-05-28T08:50:37.634690957,LW,HW,RISING,,True
CUR003,2026-12-12T07:45:13.797868816,HW,LW,FALLING,,True
CUR003,2026-10-09T13:39:48.713837670,HW,LW,FALLING,,True
CUR003,2026-02-22T04:35:47.727818035,LW,HW,RISING,,True
CUR003,2026-07-02T00:34:26.018041671,LW,HW,RISING,,True
CUR003,2026-05-04T07:55:05.716890196,HW,LW,FALLING,,True
CUR003,2026-08-11T06:23:01.059353767,HW,LW,FALLING,,True
CUR003,2026-10-07T20:24:12.490555827,LW,HW,RISING,,True
CUR003,2026-12-10T00:24:33.662100601,LW,HW,RISING,,True
CUR003,2026-08-17T23:33:28.187960441,LW,HW,RISING,,True
CUR003,2026-09-02T22:09:14.441393483,HW,LW,FALLING,,True
CUR003,2026-03-19T11:02:35.079037919,LW,HW,RISING,,True
CUR003,2026-06-28T05:43:06.774739555,HW,LW,FALLING,,True
CUR003,2026-07-17T16:44:28.975578246,HW,LW,FALLING,,True
CUR003,2026-08-25T14:48:25.361372141,HW,LW,FALLING,,True
CUR003,2026-02-06T22:21:04.350102512,HW,LW,FALLING,,True
CUR003,2026-10-05T00:10:16.666938895,HW,LW,FALLING,,True
CUR003,2026-12-23T19:04:48.636589906,HW,LW,FALLING,,True
CUR003,2026-02-15T18:59:07.916671509,LW,HW,RISING,,True
CUR003,2026-08-14T23:52:00.167829869,LW,HW,RISING,,True
CUR003,2026-08-07T03:30:52.630862964,LW,HW,RISING,,True
CUR003,2026-10-14T02:01:26.977850254,LW,HW,RISING,,True
CUR003,2026-07-10T08:07:56.201763639,LW,HW,RISING,,True
CUR003,2026-08-31T12:50:19.037683441,LW,HW,RISING,,True
CUR003,2026-10-05T22:56:17.369498333,HW,LW,FALLING,,True
CUR003,2026-02-24T01:57:47.214003998,LW,HW,RISING,,True
CUR003,2026-08-03T10:00:35.400494042,HW,LW,FALLING,,True
CUR003,2026-02-11T08:35:11.657930412,LW,HW,RISING,,True
CUR003,2026-09-22T22:05:22.867072174,LW,HW,RISING,,True
CUR003,2026-02-27T17:44:47.521171370,LW,HW,RISING,,True
CUR003,2026-01-28T20:48:56.100032666,LW,HW,RISING,,True
CUR003,2026-10-17T00:32:43.273047351,LW,HW,RISING,,True
CUR003,2026-02-09T12:32:07.948891688,LW,HW,RISING,,True
CUR003,2026-04-09T02:21:23.108996592,LW,HW,RISING,,True
CUR003,2026-12-28T03:47:51.389055952,LW,HW,RISING,,True
CUR003,2026-04-09T15:29:30.601551620,LW,HW,RISING,,True
CUR003,2026-10-19T16:00:52.333005843,LW,HW,RISING,,True
CUR003,2026-06-19T00:06:13.215738297,LW,HW,RISING,,True
CUR003,2026-12-14T03:46:04.649708315,LW,HW,RISING,,True
CUR007,2026-04-01T03:59:19.999603073,HW,LW,FALLING,0.905,True
CUR007,2026-05-11T06:06:20.139910284,LW,HW,RISING,2.0138,True
CUR007,2026-01-12T15:06:12.825195598,LW,HW,RISING,0.9909,True
CUR007,2026-07-12T02:55:25.853925039,HW,LW,FALLING,0.9262,True
CUR007,2026-11-05T04:51:40.714650664,LW,HW,RISING,0.6722,True
CUR007,2026-05-18T13:36:16.975508792,HW,LW,FALLING,3.9768,True
CUR007,2026-12-04T23:42:17.256321362,HW,LW,FALLING,2.7318,True
CUR007,2026-10-02T17:34:10.592921264,HW,LW,FALLING,2.5935,True
CUR007,2026-05-08T23:38:57.264224338,HW,LW,FALLING,0.8983,True
CUR007,2026-07-08T18:10:32.940447376,LW,HW,RISING,2.8476,True
CUR007,2026-09-29T07:56:31.342541498,LW,HW,RISING,0.2016,True
CUR007,2026-01-07T23:20:20.122658129,LW,HW,RISING,0.9894,True
CUR007,2026-03-20T21:03:42.750802176,LW,HW,RISING,0.5113,True
CUR007,2026-12-16T17:28:14.423565982,LW,HW,RISING,2.5565,True
CUR007,2026-06-13T12:50:38.912889543,HW,LW,FALLING,3.0754,True
CUR007,2026-05-14T17:30:48.336917014,LW,HW,RISING,0.4167,True
CUR007,2026-04-03T19:39:10.610850050,LW,HW,RISING,0.2278,True
CUR007,2026-03-26T21:43:03.616543538,HW,LW,FALLING,2.5511,True
CUR007,2026-09-18T23:41:28.883287568,LW,HW,RISING,1.2265,True
CUR007,2026-11-23T13:49:27.922486857,HW,LW,FALLING,2.0719,True
CUR007,2026-05-20T12:08:52.770614616,LW,HW,RISING,2.312,True
CUR007,2026-04-09T04:29:10.499019163,LW,HW,RISING,2.2476,True
CUR007,2026-10-17T19:50:24.762999866,HW,LW,FALLING,1.8745,True
CUR007,2026-05-22T15:23:33.316099773,LW,HW,RISING,2.819,True
CUR007,2026-06-16T16:34:48.509189546,HW,LW,FALLING,2.1995,True
CUR007,2026-04-06T08:41:05.104745594,LW,HW,RISING,0.7839,True
CUR007,2026-06-08T01:05:16.716702918,LW,HW,RISING,0.8041,True
CUR007,2026-07-24T15:15:56.792263238,HW,LW,FALLING,0.9431,True
CUR007,2026-03-01T12:28:31.578572712,HW,LW,FALLING,2.9198,True
CUR007,2026-07-20T14:38:29.098407315,LW,HW,RISING,2.2283,True
CUR007,2026-03-31T09:53:57.260566932,LW,HW,RISING,2.5263,True
CUR007,2026-01-12T02:52:15.512907558,LW,HW,RISING,0.9473,True
CUR007,2026-06-07T13:42:35.475016042,LW,HW,RISING,1.8525,True
CUR007,2026-05-09T08:54:02.134712240,HW,LW,FALLING,1.8706,True
CUR007,2026-07-28T23:49:16.483953613,LW,HW,RISING,2.8272,True
CUR007,2026-11-10T08:00:36.582918544,LW,HW,RISING,0.4549,True
CUR007,2026-02-14T03:58:43.309652481,HW,LW,FALLING,0.7821,True
CUR007,2026-07-07T13:42:37.833734187,LW,HW,RISING,1.5457,True
CUR007,2026-09-18T22:51:56.418377967,HW,LW,FALLING,1.2527,True
CUR007,2026-11-17T02:56:48.739511764,LW,HW,RISING,2.0904,True
CUR007,2026-07-08T00:22:53.002698855,LW,HW,RISING,0.705,True
CUR007,2026-09-11T19:36:31.382516509,LW,HW,RISING,0.0145,True
CUR007,2026-07-14T17:37:38.018684145,HW,LW,FALLING,0.463,True
CUR007,2026-04-29T19:24:45.313703604,LW,HW,RISING,0.9745,True
CUR007,2026-10-16T23:56:19.476848199,LW,HW,RISING,1.7393,True
CUR007,2026-12-07T18:46:21.396917019,LW,HW,RISING,0.9417,True
CUR007,2026-01-18T17:00:54.416172090,HW,LW,FALLING,0.9037,True
CUR007,2026-07-09T22:23:04.656811222,HW,LW,FALLING,2.1784,True
CUR007,2026-08-18T21:07:37.951089873,HW,LW,FALLING,0.9328,True
CUR007,2026-07-20T02:18:26.224246400,LW,HW,RISING,1.9988,True
CUR009,2026-01-22T13:44:31.181847965,LW,HW,RISING,1.1231,True
CUR009,2026-03-17T20:10:07.189740353,LW,HW,RISING,0.8836,True
CUR009,2026-03-02T22:56:11.305961080,LW,HW,RISING,1.5489,True
CUR009,2026-05-08T23:04:17.151353235,HW,LW,FALLING,1.1721,True
CUR009,2026-12-09T02:47:23.477895659,HW,LW,FALLING,2.0407,True
CUR009,2026-01-27T10:44:21.131935698,HW,LW,FALLING,1.3253,True
CUR009,2026-11-12T09:56:24.224071613,HW,LW,FALLING,0.6953,True
CUR009,2026-03-17T08:02:24.167269644,LW,HW,RISING,0.5264,True
CUR009,2026-02-01T00:55:11.615124741,LW,HW,RISING,2.3193,True
CUR009,2026-07-02T07:37:37.207224502,HW,LW,FALLING,0.7857,True
CUR009,2026-07-14T15:55:28.588808766,HW,LW,FALLING,1.8196,True
CUR009,2026-08-08T22:11:29.390291845,LW,HW,RISING,1.3279,True
CUR009,2026-09-14T00:38:24.205792207,LW,HW,RISING,1.1659,True
CUR009,2026-12-11T12:00:59.158723044,LW,HW,RISING,0.8128,True
CUR009,2026-06-11T02:00:34.319297574,HW,LW,FALLING,0.9938,True
CUR009,2026-10-28T00:07:17.538631875,LW,HW,RISING,1.5985,True
CUR009,2026-05-14T22:09:22.134847755,LW,HW,RISING,1.3551,True
CUR009,2026-08-29T08:47:09.311364358,LW,HW,RISING,0.7371,True
CUR009,2026-11-24T02:20:58.390360753,HW,LW,FALLING,2.0615,True
CUR009,2026-03-08T16:18:23.488527865,LW,HW,RISING,1.5761,True
CUR009,2026-06-30T18:54:24.761113996,HW,LW,FALLING,0.7803,True
CUR009,2026-11-07T16:23:07.052223338,HW,LW,FALLING,0.8971,True
CUR009,2026-12-23T01:52:07.239664054,HW,LW,FALLING,2.1762,True
CUR009,2026-08-22T16:44:05.399094107,HW,LW,FALLING,0.6261,True
CUR009,2026-07-05T14:30:17.072055201,LW,HW,RISING,1.3613,True
CUR009,2026-09-22T02:05:02.929259367,HW,LW,FALLING,1.1311,True
CUR009,2026-12-31T01:28:17.548833266,HW,LW,FALLING,0.9215,True
CUR009,2026-02-21T06:15:34.196600071,HW,LW,FALLING,1.3819,True
CUR009,2026-06-01T07:18:20.205364279,HW,LW,FALLING,0.7343,True
CUR009,2026-09-13T04:23:25.618344164,HW,LW,FALLING,1.8064,True
CUR009,2026-07-13T17:54:07.845008239,HW,LW,FALLING,0.5647,True
CUR009,2026-02-17T16:36:38.495725795,HW,LW,FALLING,1.1059,True
CUR009,2026-12-02T07:58:43.682508724,LW,HW,RISING,1.6284,True
CUR009,2026-02-12T17:01:34.136037217,LW,HW,RISING,1.0201,True
CUR009,2026-11-26T13:25:52.629722887,LW,HW,RISING,1.1965,True
CUR009,2026-01-07T13:45:48.999320528,LW,HW,RISING,0.8037,True
CUR009,2026-12-19T16:36:27.797445205,LW,HW,RISING,0.7415,True
CUR009,2026-10-21T15:43:37.863177870,HW,LW,FALLING,0.7345,True
CUR009,2026-12-14T01:57:41.306742146,LW,HW,RISING,1.4809,True
CUR009,2026-08-31T00:29:40.367141772,LW,HW,RISING,1.1709,True
CUR009,2026-01-15T18:45:51.772203214,LW,HW,RISING,0.9714,True
CUR009,2026-08-06T05:36:09.868295237,LW,HW,RISING,1.5123,True
CUR009,2026-05-01T09:33:01.118561893,LW,HW,RISING,0.8931,True
CUR009,2026-10-05T02:18:00.644998719,HW,LW,FALLING,0.9084,True
CUR009,2026-07-19T16:38:21.891130429,LW,HW,RISING,1.4217,True
CUR009,2026-05-01T16:02:57.528567248,HW,LW,FALLING,1.7364,True
CUR009,2026-04-30T22:34:29.513182849,LW,HW,RISING,0.9928,True
CUR009,2026-10-09T19:39:14.433632277,LW,HW,RISING,0.4019,True
CUR009,2026-11-14T15:24:49.416305356,LW,HW,RISING,0.9241,True
CUR009,2026-02-10T14:00:09.210370144,HW,LW,FALLING,1.0649,True
CUR010,2026-04-12T12:25:17.574799565,LW,HW,RISING,0.3842,True
CUR010,2026-03-04T17:36:10.732696422,LW,HW,RISING,0.5136,True
CUR010,2026-05-02T17:07:54.317540123,LW,HW,RISING,0.5514,True
CUR010,2026-04-01T14:26:09.398853376,LW,HW,RISING,0.4706,True
CUR010,2026-05-08T14:21:20.785499297,LW,HW,RISING,0.341,True
CUR010,2026-07-26T07:30:04.180923621,HW,LW,FALLING,0.3806,True
CUR010,2026-12-15T19:28:09.747359490,LW,HW,RISING,0.3658,True
CUR010,2026-06-22T18:30:54.213614242,HW,LW,FALLING,0.3537,True
CUR010,2026-02-03T22:11:18.017378600,HW,LW,FALLING,0.4492,True
CUR010,2026-06-08T10:17:49.480957434,LW,HW,RISING,0.3847,True
CUR010,2026-02-04T19:49:23.740107516,LW,HW,RISING,0.4775,True
CUR010,2026-02-01T07:16:33.056155271,HW,LW,FALLING,0.586,True
CUR010,2026-04-18T00:19:02.755954444,HW,LW,FALLING,0.4422,True
CUR010,2026-10-01T02:02:46.715766525,LW,HW,RISING,0.3544,True
CUR010,2026-12-12T07:58:20.044603330,HW,LW,FALLING,0.5589,True
CUR010,2026-01-20T20:17:13.644962325,HW,LW,FALLING,0.4485,True
CUR010,2026-03-13T19:24:29.799859910,LW,HW,RISING,0.3688,True
CUR010,2026-11-10T16:01:05.257347181,LW,HW,RISING,0.4635,True
CUR010,2026-06-19T22:02:47.120413856,HW,LW,FALLING,0.5155,True
CUR010,2026-11-05T23:13:27.885079623,LW,HW,RISING,0.3923,True
CUR010,2026-08-02T18:42:50.989636310,LW,HW,RISING,0.4613,True
CUR010,2026-07-28T17:55:21.119265857,HW,LW,FALLING,0.6057,True
CUR010,2026-02-05T06:13:33.685481638,LW,HW,RISING,0.5083,True
CUR010,2026-11-03T04:27:28.642045243,HW,LW,FALLING,0.3753,True
CUR010,2026-08-26T11:49:33.045331290,LW,HW,RISING,0.4684,True
CUR010,2026-11-04T02:24:07.718910985,LW,HW,RISING,0.4307,True
CUR010,2026-01-07T20:04:25.999299179,LW,HW,RISING,0.4215,True
CUR010,2026-07-23T17:45:12.173140612,HW,LW,FALLING,0.4256,True
CUR010,2026-07-05T21:22:05.375537886,LW,HW,RISING,0.4447,True
CUR010,2026-09-09T20:53:39.244911031,HW,LW,FALLING,0.4571,True
CUR010,2026-12-02T17:29:03.625164187,HW,LW,FALLING,0.3785,True
CUR010,2026-09-04T13:30:30.674332863,HW,LW,FALLING,0.5184,True
CUR010,2026-04-11T01:03:24.794069961,HW,LW,FALLING,0.495,True
CUR010,2026-07-25T20:23:53.450857309,HW,LW,FALLING,0.4194,True
CUR010,2026-01-09T16:14:44.574519987,HW,LW,FALLING,0.3671,True
CUR010,2026-08-15T19:48:47.432802878,HW,LW,FALLING,0.5368,True
CUR010,2026-06-10T19:01:39.161659374,HW,LW,FALLING,0.4011,True
CUR010,2026-06-20T20:39:05.801688094,LW,HW,RISING,0.4577,True
CUR010,2026-06-21T19:46:13.233816631,LW,HW,RISING,0.3879,True
CUR010,2026-06-02T09:48:46.573564500,HW,LW,FALLING,0.3979,True
CUR010,2026-08-31T04:33:04.235838691,LW,HW,RISING,0.466,True
CUR010,2026-08-26T22:03:22.649161154,HW,LW,FALLING,0.4332,True
CUR010,2026-05-01T01:27:55.005878475,LW,HW,RISING,0.4571,True
CUR010,2026-05-23T04:22:48.987397954,HW,LW,FALLING,0.3926,True
CUR010,2026-11-18T00:58:58.188366134,LW,HW,RISING,0.3834,True
CUR010,2026-07-22T12:28:30.420033603,LW,HW,RISING,0.4604,True
CUR010,2026-10-30T20:34:51.541818653,LW,HW,RISING,0.3885,True
CUR010,2026-07-30T08:32:07.299370554,HW,LW,FALLING,0.4385,True
CUR010,2026-08-12T11:24:55.127707996,LW,HW,RISING,0.4298,True
CUR010,2026-03-22T07:19:38.805962509,LW,HW,RISING,0.4577,True
CUR011,2026-04-18T13:11:32.834152069,LW,HW,RISING,0.5086,True
CUR011,2026-05-25T21:19:05.805374512,LW,HW,RISING,0.3579,True
CUR011,2026-04-06T23:11:09.854757758,HW,LW,FALLING,0.4917,True
CUR011,2026-09-11T11:21:07.391556876,LW,HW,RISING,0.462,True
CUR011,2026-11-12T14:44:09.937689462,LW,HW,RISING,0.3963,True
CUR011,2026-08-29T02:24:13.711006126,LW,HW,RISING,0.508,True
CUR011,2026-05-22T13:22:04.247875658,HW,LW,FALLING,0.3011,True
CUR011,2026-08-05T20:15:47.403441292,LW,HW,RISING,0.3021,True
CUR011,2026-02-15T11:01:32.890621549,LW,HW,RISING,0.3867,True
CUR011,2026-02-06T08:21:42.212300204,HW,LW,FALLING,0.4424,True
CUR011,2026-05-12T22:58:54.547269703,LW,HW,RISING,0.4537,True
CUR011,2026-11-24T21:20:43.957900326,LW,HW,RISING,0.3711,True
CUR011,2026-09-08T07:35:43.842336284,LW,HW,RISING,0.3529,True
CUR011,2026-03-16T07:19:55.181596952,HW,LW,FALLING,0.4244,True
CUR011,2026-04-22T07:02:19.600660540,LW,HW,RISING,0.2987,True
CUR011,2026-09-12T23:27:28.621116882,LW,HW,RISING,0.4002,True
CUR011,2026-10-28T11:16:22.537529850,HW,LW,FALLING,0.4866,True
CUR011,2026-12-12T03:02:46.303253425,LW,HW,RISING,0.5136,True
CUR011,2026-07-26T13:19:35.780302532,LW,HW,RISING,0.6274,True
CUR011,2026-10-03T22:06:32.484980375,LW,HW,RISING,0.2563,True
CUR011,2026-08-05T23:39:36.845377696,HW,LW,FALLING,0.3047,True
CUR011,2026-01-16T10:46:09.958622087,LW,HW,RISING,0.3836,True
CUR011,2026-10-30T03:25:40.423712335,LW,HW,RISING,0.4563,True
CUR011,2026-03-25T07:51:55.458811653,LW,HW,RISING,0.2576,True
CUR011,2026-06-07T13:31:27.552850384,HW,LW,FALLING,0.29,True
CUR011,2026-06-17T22:21:39.659624580,HW,LW,FALLING,0.508,True
CUR011,2026-03-05T11:03:01.415260104,HW,LW,FALLING,0.3956,True
CUR011,2026-05-09T00:25:53.641788920,HW,LW,FALLING,0.4147,True
CUR011,2026-09-12T22:30:06.352038164,HW,LW,FALLING,0.4086,True
CUR011,2026-07-07T01:03:40.992275665,HW,LW,FALLING,0.3474,True
CUR011,2026-05-12T10:39:41.681799306,LW,HW,RISING,0.4105,True
CUR011,2026-12-07T08:45:22.477499690,HW,LW,FALLING,0.4186,True
CUR011,2026-01-03T20:04:15.279593772,HW,LW,FALLING,0.417,True
CUR011,2026-01-13T17:15:03.334244489,HW,LW,FALLING,0.2776,True
CUR011,2026-03-13T12:37:21.158579105,LW,HW,RISING,0.2851,True
CUR011,2026-04-16T03:38:30.183472709,HW,LW,FALLING,0.6088,True
CUR011,2026-08-14T14:23:37.982179020,LW,HW,RISING,0.5669,True
CUR011,2026-05-03T14:22:10.741291564,LW,HW,RISING,0.5003,True
CUR011,2026-03-08T08:48:14.922867594,HW,LW,FALLING,0.3206,True
CUR011,2026-11-08T21:19:52.400777335,LW,HW,RISING,0.38,True
CUR011,2026-09-01T12:34:37.522479773,HW,LW,FALLING,0.3847,True
CUR011,2026-06-03T04:49:38.782445096,HW,LW,FALLING,0.3583,True
CUR011,2026-06-06T11:32:10.902522691,HW,LW,FALLING,0.284,True
CUR011,2026-02-10T19:02:39.171701355,LW,HW,RISING,0.2848,True
CUR011,2026-01-07T09:59:28.988040451,HW,LW,FALLING,0.5042,True
CUR011,2026-05-18T00:55:55.388450281,LW,HW,RISING,0.4603,True
CUR011,2026-06-11T03:52:34.065240165,HW,LW,FALLING,0.4141,True
CUR011,2026-06-25T05:18:29.801815904,HW,LW,FALLING,0.2962,True
CUR011,2026-07-04T09:04:55.015199200,HW,LW,FALLING,0.3337,True
CUR011,2026-12-24T15:01:03.569674858,LW,HW,RISING,0.4835,True
CUR016,2026-10-07T18:34:10.450438675,HW,LW,FALLING,2.7604,True
CUR016,2026-08-08T00:26:48.076399512,LW,HW,RISING,2.5705,True
CUR016,2026-05-31T01:02:36.416464355,HW,LW,FALLING,1.095,True
CUR016,2026-01-21T21:13:31.736585923,LW,HW,RISING,3.5199,True
CUR016,2026-03-06T06:30:46.189841740,LW,HW,RISING,2.1942,True
CUR016,2026-12-21T16:48:30.891669307,HW,LW,FALLING,3.2999,True
CUR016,2026-07-21T21:28:49.967739944,LW,HW,RISING,1.6323,True
CUR016,2026-04-14T14:08:01.699618945,LW,HW,RISING,2.3422,True
CUR016,2026-02-27T11:49:41.363946375,LW,HW,RISING,1.2868,True
CUR016,2026-10-30T04:20:23.366586773,HW,LW,FALLING,1.7985,True
CUR016,2026-12-16T17:43:01.172840635,HW,LW,FALLING,1.5387,True
CUR016,2026-07-21T10:55:03.514639580,LW,HW,RISING,2.9421,True
CUR016,2026-10-28T17:56:05.954772555,LW,HW,RISING,2.1049,True
CUR016,2026-03-11T14:46:30.622304060,HW,LW,FALLING,2.6805,True
CUR016,2026-02-25T20:54:56.654252414,LW,HW,RISING,2.0059,True
CUR016,2026-07-24T23:31:43.002769732,LW,HW,RISING,1.4529,True
CUR016,2026-05-29T02:01:24.361211479,LW,HW,RISING,1.3464,True
CUR016,2026-01-20T05:33:28.992340436,LW,HW,RISING,2.7788,True
CUR016,2026-05-24T00:00:21.243334300,LW,HW,RISING,2.9991,True
CUR016,2026-05-21T09:57:15.435531057,LW,HW,RISING,3.5195,True
CUR016,2026-09-26T08:48:47.711611385,HW,LW,FALLING,3.0015,True
CUR016,2026-08-30T14:53:21.926426776,HW,LW,FALLING,1.4788,True
CUR016,2026-11-16T15:46:08.967360168,HW,LW,FALLING,1.8839,True
CUR016,2026-01-14T15:55:48.776811065,LW,HW,RISING,2.6825,True
CUR016,2026-06-27T18:35:10.781279727,HW,LW,FALLING,2.9395,True
CUR016,2026-11-20T17:27:14.711066452,HW,LW,FALLING,2.6358,True
CUR016,2026-01-28T12:37:30.036801703,LW,HW,RISING,2.3216,True
CUR016,2026-02-11T19:47:20.585691254,HW,LW,FALLING,2.4114,True
CUR016,2026-08-14T19:14:53.193381940,LW,HW,RISING,3.7309,True
CUR016,2026-04-28T05:18:00.059942405,HW,LW,FALLING,3.062,True
CUR016,2026-01-22T17:23:51.014716571,LW,HW,RISING,1.0423,True
CUR016,2026-04-07T15:30:50.456631839,HW,LW,FALLING,2.3083,True
CUR016,2026-11-01T10:39:13.934248817,LW,HW,RISING,3.3465,True
CUR016,2026-06-09T06:58:10.445849876,HW,LW,FALLING,1.5923,True
CUR016,2026-03-15T20:45:27.295225304,HW,LW,FALLING,2.5653,True
CUR016,2026-12-18T14:57:26.613511892,HW,LW,FALLING,2.748,True
CUR016,2026-10-21T11:15:34.823099405,LW,HW,RISING,2.3546,True
CUR016,2026-02-13T22:03:31.474444006,HW,LW,FALLING,2.5032,True
CUR016,2026-04-15T12:32:09.567685196,LW,HW,RISING,1.5561,True
CUR016,2026-08-25T17:26:23.536285837,LW,HW,RISING,2.8689,True
CUR016,2026-02-13T07:53:49.966359746,HW,LW,FALLING,1.9449,True
CUR016,2026-01-28T05:01:55.352137030,HW,LW,FALLING,2.5386,True
CUR016,2026-07-27T01:56:03.024762200,LW,HW,RISING,1.5859,True
CUR016,2026-12-13T02:44:49.218727118,HW,LW,FALLING,2.2825,True
CUR016,2026-11-28T15:08:11.461910406,HW,LW,FALLING,0.9524,True
CUR016,2026-07-01T14:28:49.804625614,HW,LW,FALLING,2.1389,True
CUR016,2026-05-14T21:53:52.745563179,HW,LW,FALLING,1.7519,True
CUR016,2026-07-31T07:41:50.960275887,LW,HW,RISING,3.1954,True
CUR016,2026-01-04T01:56:39.554533351,HW,LW,FALLING,2.0105,True
CUR016,2026-08-17T07:47:18.186881171,LW,HW,RISING,2.097,True
CUR018,2026-06-05T06:38:57.826141563,HW,LW,FALLING,1.9509,True
CUR018,2026-12-23T11:32:15.209729497,HW,LW,FALLING,6.1028,True
CUR018,2026-04-17T10:15:19.628278241,HW,LW,FALLING,9.3906,True
CUR018,2026-08-24T23:38:14.190219553,HW,LW,FALLING,3.827,True
CUR018,2026-04-11T16:37:09.366010801,LW,HW,RISING,7.9599,True
CUR018,2026-12-25T20:53:24.672831358,LW,HW,RISING,7.9566,True
CUR018,2026-03-12T07:06:59.528758617,HW,LW,FALLING,5.0721,True
CUR018,2026-02-11T13:13:15.309950202,LW,HW,RISING,4.6557,True
CUR018,2026-08-31T14:20:02.739674921,HW,LW,FALLING,6.3177,True
CUR018,2026-03-30T15:52:04.924239368,LW,HW,RISING,3.2768,True
CUR018,2026-06-06T21:44:27.169268326,LW,HW,RISING,4.9976,True
CUR018,2026-04-15T14:44:04.913207435,LW,HW,RISING,2.3565,True
CUR018,2026-04-03T19:08:40.224044844,LW,HW,RISING,3.3444,True
CUR018,2026-05-01T21:08:57.896861865,LW,HW,RISING,9.2392,True
CUR018,2026-09-18T06:54:41.474984740,HW,LW,FALLING,4.2807,True
CUR018,2026-01-10T19:03:18.667927242,HW,LW,FALLING,4.4186,True
CUR018,2026-05-25T21:24:25.926175007,HW,LW,FALLING,4.3013,True
CUR018,2026-12-18T04:08:51.056638354,HW,LW,FALLING,8.1545,True
CUR018,2026-02-06T05:33:41.372545091,HW,LW,FALLING,2.5992,True
CUR018,2026-10-14T12:56:47.149602446,HW,LW,FALLING,9.0823,True
CUR018,2026-03-31T06:23:09.086625942,LW,HW,RISING,7.7005,True
CUR018,2026-12-10T22:37:56.976547649,LW,HW,RISING,9.3137,True
CUR018,2026-10-28T13:05:36.593722150,HW,LW,FALLING,7.3792,True
CUR018,2026-05-29T12:34:39.053936751,HW,LW,FALLING,4.6399,True
CUR018,2026-03-25T21:52:08.728491049,LW,HW,RISING,3.3926,True
CUR018,2026-05-30T01:04:24.363390578,HW,LW,FALLING,3.758,True
CUR018,2026-11-22T03:32:58.214094908,LW,HW,RISING,4.774,True
CUR018,2026-05-25T16:11:32.094561414,LW,HW,RISING,8.2634,True
CUR018,2026-12-01T11:01:06.988342111,LW,HW,RISING,5.1142,True
CUR018,2026-09-13T14:28:09.502309332,HW,LW,FALLING,5.2629,True
CUR018,2026-09-29T10:34:46.759608659,LW,HW,RISING,9.9258,True
CUR018,2026-06-20T07:01:03.428337128,HW,LW,FALLING,1.3894,True
CUR018,2026-04-01T20:14:43.372557552,LW,HW,RISING,8.5965,True
CUR018,2026-10-14T08:14:55.592805180,LW,HW,RISING,3.9536,True
CUR018,2026-08-13T16:38:45.468391842,LW,HW,RISING,1.3984,True
CUR018,2026-04-22T08:18:01.813423775,LW,HW,RISING,1.4359,True
CUR018,2026-01-14T03:29:36.784650901,LW,HW,RISING,6.0731,True
CUR018,2026-07-17T20:30:29.058470693,LW,HW,RISING,4.6825,True
CUR018,2026-10-04T09:06:18.608786429,HW,LW,FALLING,2.9503,True
CUR018,2026-11-21T23:33:00.833369876,HW,LW,FALLING,3.6672,True
CUR018,2026-03-12T23:05:39.739809309,LW,HW,RISING,4.4911,True
CUR018,2026-09-28T22:16:40.627901455,LW,HW,RISING,9.854,True
CUR018,2026-12-10T02:59:02.740325722,HW,LW,FALLING,3.7224,True
CUR018,2026-03-05T10:50:40.955386117,LW,HW,RISING,9.8665,True
CUR018,2026-06-08T19:01:54.625417833,HW,LW,FALLING,4.5671,True
CUR018,2026-09-18T09:11:45.488502800,LW,HW,RISING,3.7604,True
CUR018,2026-12-26T12:01:12.970326907,HW,LW,FALLING,9.5274,True
CUR018,2026-05-26T22:30:47.267479699,HW,LW,FALLING,4.24,True
CUR018,2026-04-19T06:31:09.089436246,LW,HW,RISING,2.2666,True
CUR018,2026-06-29T08:20:52.353214569,LW,HW,RISING,8.4105,True
CUR019,2026-04-18T02:01:00.085081668,HW,LW,FALLING,4.2179,True
CUR019,2026-06-22T01:27:05.863151097,LW,HW,RISING,8.9567,True
CUR019,2026-02-25T23:49:04.352652806,LW,HW,RISING,6.291,True
CUR019,2026-05-22T00:27:49.166964611,LW,HW,RISING,9.2277,True
CUR019,2026-06-01T18:10:45.858988472,LW,HW,RISING,5.5077,True
CUR019,2026-05-21T11:54:49.832330833,LW,HW,RISING,11.1405,True
CUR019,2026-09-09T13:30:56.081412887,HW,LW,FALLING,2.6825,True
CUR019,2026-03-17T21:22:42.356860958,HW,LW,FALLING,12.5943,True
CUR019,2026-12-08T08:57:18.325702095,LW,HW,RISING,10.5213,True
CUR019,2026-02-09T08:15:45.388895491,LW,HW,RISING,7.0691,True
CUR019,2026-12-25T10:16:41.744271405,LW,HW,RISING,11.7311,True
CUR019,2026-06-28T06:46:12.655493445,LW,HW,RISING,10.2005,True
CUR019,2026-03-21T07:08:46.446578487,LW,HW,RISING,5.3138,True
CUR019,2026-03-04T17:46:52.731686739,LW,HW,RISING,3.0936,True
CUR019,2026-01-31T16:05:14.952264268,LW,HW,RISING,4.4671,True
CUR019,2026-06-02T05:03:33.826132394,LW,HW,RISING,5.6543,True
CUR019,2026-09-06T15:33:44.763828607,LW,HW,RISING,7.8069,True
CUR019,2026-09-08T23:20:00.151076923,HW,LW,FALLING,7.0214,True
CUR019,2026-09-22T23:24:44.023462489,HW,LW,FALLING,6.7355,True
CUR019,2026-11-18T02:26:48.521956839,LW,HW,RISING,8.8752,True
CUR019,2026-06-01T22:44:12.534953637,HW,LW,FALLING,10.0122,True
CUR019,2026-06-26T17:38:07.489681064,LW,HW,RISING,8.27,True
CUR019,2026-06-07T20:49:42.532239440,LW,HW,RISING,6.1754,True
CUR019,2026-01-18T06:19:01.604695021,LW,HW,RISING,6.5428,True
CUR019,2026-05-07T03:01:43.013717655,HW,LW,FALLING,7.9095,True
CUR019,2026-06-19T08:36:10.246010331,LW,HW,RISING,5.6972,True
CUR019,2026-09-22T14:57:47.600646264,LW,HW,RISING,5.6238,True
CUR019,2026-08-07T14:10:45.249195090,LW,HW,RISING,8.0788,True
CUR019,2026-02-27T05:56:47.415387371,LW,HW,RISING,9.4936,True
CUR019,2026-08-01T10:35:14.015229573,LW,HW,RISING,11.8244,True
CUR019,2026-04-30T04:38:28.222016027,LW,HW,RISING,5.0659,True
CUR019,2026-01-01T20:23:26.049572485,HW,LW,FALLING,12.669,True
CUR019,2026-01-15T11:47:48.116285534,HW,LW,FALLING,6.9926,True
CUR019,2026-07-01T17:25:09.098362259,LW,HW,RISING,4.2807,True
CUR019,2026-09-16T19:08:49.259467388,LW,HW,RISING,6.1563,True
CUR019,2026-06-30T19:28:19.874674802,LW,HW,RISING,7.5266,True
CUR019,2026-12-22T04:37:53.717879178,LW,HW,RISING,6.2829,True
CUR019,2026-08-19T08:44:57.793525274,LW,HW,RISING,6.5407,True
CUR019,2026-07-30T15:44:19.562479180,HW,LW,FALLING,3.5686,True
CUR019,2026-10-07T20:23:02.135696549,HW,LW,FALLING,11.5046,True
CUR019,2026-04-26T02:25:43.144013228,LW,HW,RISING,6.4764,True
CUR019,2026-01-27T03:03:57.703071941,LW,HW,RISING,9.1353,True
CUR019,2026-06-05T21:04:11.357645728,LW,HW,RISING,6.802,True
CUR019,2026-12-17T16:23:14.961456683,HW,LW,FALLING,9.1103,True
CUR019,2026-02-04T17:58:45.652530314,LW,HW,RISING,2.6993,True
CUR019,2026-07-18T21:05:10.543284942,LW,HW,RISING,5.3043,True
CUR019,2026-11-15T10:11:26.757547880,LW,HW,RISING,7.6265,True
CUR019,2026-03-20T08:50:24.960009477,LW,HW,RISING,11.1747,True
CUR019,2026-05-14T14:30:30.966073694,LW,HW,RISING,3.0761,True
CUR019,2026-02-20T04:13:29.522276504,HW,LW,FALLING,3.398,True
