station_id,pattern_source_datetime,local_datetime,type,height_m
CUR003,2026-01-15T23:51:00,2026-01-16T00:18:00,HW,
CUR003,2026-02-08T23:58:00,2026-02-09T00:25:00,LW,
CUR003,2026-02-13T23:35:00,2026-02-14T00:02:00,HW,
CUR003,2026-02-23T23:51:00,2026-02-24T00:18:00,LW,
CUR003,2026-03-15T23:42:00,2026-03-16T00:09:00,HW,
CUR003,2026-03-24T23:53:00,2026-03-25T00:20:00,LW,
CUR003,2026-03-29T23:39:00,2026-03-30T00:06:00,HW,
CUR003,2026-04-14T23:40:00,2026-04-15T00:07:00,HW,
CUR003,2026-04-28T23:48:00,2026-04-29T00:15:00,HW,
CUR003,2026-05-14T23:48:00,2026-05-15T00:15:00,HW,
CUR003,2026-05-21T23:50:00,2026-05-22T00:17:00,LW,
CUR003,2026-06-26T23:48:00,2026-06-27T00:15:00,HW,
CUR003,2026-07-25T23:42:00,2026-07-26T00:09:00,HW,
CUR003,2026-08-05T23:38:00,2026-08-06T00:05:00,LW,
CUR003,2026-08-09T23:33:00,2026-08-10T00:00:00,HW,
CUR003,2026-08-19T23:45:00,2026-08-20T00:12:00,LW,
CUR003,2026-09-18T23:44:00,2026-09-19T00:11:00,LW,
CUR003,2026-09-23T23:56:00,2026-09-24T00:23:00,HW,
CUR003,2026-10-07T23:43:00,2026-10-08T00:10:00,HW,
CUR003,2026-10-23T23:44:00,2026-10-24T00:11:00,HW,
CUR003,2026-11-06T23:49:00,2026-11-07T00:16:00,HW,
CUR003,2026-11-16T23:46:00,2026-11-17T00:13:00,LW,
CUR003,2026-11-22T23:44:00,2026-11-23T00:11:00,HW,
CUR003,2026-12-29T23:59:00,2026-12-30T00:26:00,LW,
CUR007,2026-01-02T00:09:00,2026-01-01T23:09:00,HW,3.79
CUR007,2026-01-10T00:23:00,2026-01-09T23:25:00,LW,0.76
CUR007,2026-01-16T00:07:00,2026-01-15T23:07:00,HW,3.37
CUR007,2026-01-17T00:41:00,2026-01-16T23:41:00,HW,3.46
CUR007,2026-01-26T00:37:00,2026-01-25T23:39:00,LW,0.77
CUR007,2026-01-31T00:05:00,2026-01-30T23:05:00,HW,3.71
CUR007,2026-02-01T00:54:00,2026-01-31T23:54:00,HW,3.82
CUR007,2026-02-09T00:41:00,2026-02-08T23:43:00,LW,0.94
CUR007,2026-02-15T00:21:00,2026-02-14T23:21:00,HW,3.36
CUR007,2026-02-16T00:53:00,2026-02-15T23:53:00,HW,3.45
CUR007,2026-02-24T00:23:00,2026-02-23T23:25:00,LW,0.7
CUR007,2026-03-02T00:42:00,2026-03-01T23:42:00,HW,3.66
CUR007,2026-03-17T00:24:00,2026-03-16T23:24:00,HW,3.36
CUR007,2026-03-18T00:57:00,2026-03-17T23:57:00,HW,3.43
CUR007,2026-03-25T00:26:00,2026-03-24T23:28:00,LW,0.62
CUR007,2026-03-31T00:21:00,2026-03-30T23:21:00,HW,3.46
CUR007,2026-04-01T00:58:00,2026-03-31T23:58:00,HW,3.42
CUR007,2026-04-09T00:48:00,2026-04-08T23:50:00,LW,1.0
CUR007,2026-04-16T00:26:00,2026-04-15T23:26:00,HW,3.35
CUR007,2026-04-23T00:26:00,2026-04-22T23:28:00,LW,0.5
CUR007,2026-04-30T00:34:00,2026-04-29T23:34:00,HW,3.2
CUR007,2026-05-08T00:00:00,2026-05-07T23:02:00,LW,0.89
CUR007,2026-05-16T00:43:00,2026-05-15T23:43:00,HW,3.27
CUR007,2026-05-22T00:08:00,2026-05-21T23:10:00,LW,0.37
CUR007,2026-05-29T00:15:00,2026-05-28T23:15:00,HW,3.01
CUR007,2026-05-30T00:53:00,2026-05-29T23:53:00,HW,2.99
CUR007,2026-06-07T00:11:00,2026-06-06T23:13:00,LW,0.72
CUR007,2026-06-14T00:31:00,2026-06-13T23:31:00,HW,3.17
CUR007,2026-06-21T00:31:00,2026-06-20T23:33:00,LW,0.37
CUR007,2026-06-27T00:06:00,2026-06-26T23:06:00,HW,2.87
CUR007,2026-06-28T00:47:00,2026-06-27T23:47:00,HW,2.91
CUR007,2026-07-07T00:07:00,2026-07-06T23:09:00,LW,0.62
CUR007,2026-07-13T00:29:00,2026-07-12T23:29:00,HW,3.08
CUR007,2026-07-21T00:27:00,2026-07-20T23:29:00,LW,0.59
CUR007,2026-07-26T00:02:00,2026-07-25T23:02:00,HW,2.79
CUR007,2026-07-27T00:39:00,2026-07-26T23:39:00,HW,2.86
CUR007,2026-08-06T00:11:00,2026-08-05T23:13:00,LW,0.73
CUR007,2026-08-11T00:25:00,2026-08-10T23:25:00,HW,3.05
CUR007,2026-08-20T00:12:00,2026-08-19T23:14:00,LW,0.94
CUR007,2026-08-25T00:17:00,2026-08-24T23:17:00,HW,2.82
CUR007,2026-08-26T00:44:00,2026-08-25T23:44:00,HW,2.89
CUR007,2026-09-09T00:11:00,2026-09-08T23:11:00,HW,3.07
CUR007,2026-09-10T00:51:00,2026-09-09T23:51:00,HW,3.19
CUR007,2026-09-19T00:22:00,2026-09-18T23:24:00,LW,1.22
CUR007,2026-09-24T00:10:00,2026-09-23T23:10:00,HW,2.91
CUR007,2026-09-25T00:37:00,2026-09-24T23:37:00,HW,3.04
CUR007,2026-10-09T00:26:00,2026-10-08T23:26:00,HW,3.26
CUR007,2026-10-24T00:00:00,2026-10-23T23:00:00,HW,3.18
CUR007,2026-10-25T00:31:00,2026-10-24T23:31:00,HW,3.37
CUR007,2026-11-07T00:01:00,2026-11-06T23:01:00,HW,3.34
CUR007,2026-11-08T00:36:00,2026-11-07T23:36:00,HW,3.44
CUR007,2026-11-17T00:21:00,2026-11-16T23:23:00,LW,1.13
CUR007,2026-11-24T00:39:00,2026-11-23T23:39:00,HW,3.72
CUR007,2026-12-01T00:38:00,2026-11-30T23:40:00,LW,0.7
CUR007,2026-12-07T00:16:00,2026-12-06T23:16:00,HW,3.47
CUR007,2026-12-08T00:51:00,2026-12-07T23:51:00,HW,3.53
CUR007,2026-12-17T00:38:00,2026-12-16T23:40:00,LW,0.98
CUR007,2026-12-23T00:22:00,2026-12-22T23:22:00,HW,3.79
CUR007,2026-12-30T00:03:00,2026-12-29T23:05:00,LW,0.56
CUR009,2026-01-01T23:31:00,2026-01-02T00:31:00,HW,2.34
CUR009,2026-01-15T23:02:00,2026-01-16T00:02:00,HW,1.99
CUR009,2026-01-16T23:29:00,2026-01-17T00:29:00,HW,2.04
CUR009,2026-01-17T23:58:00,2026-01-18T00:58:00,HW,2.08
CUR009,2026-01-30T23:16:00,2026-01-31T00:16:00,HW,2.32
CUR009,2026-02-15T23:29:00,2026-02-16T00:29:00,HW,2.06
CUR009,2026-02-28T23:02:00,2026-03-01T00:02:00,HW,2.23
CUR009,2026-03-01T23:45:00,2026-03-02T00:45:00,HW,2.2
CUR009,2026-03-07T23:37:00,2026-03-08T00:37:00,LW,0.84
CUR009,2026-03-16T23:04:00,2026-03-17T00:04:00,HW,2.0
CUR009,2026-03-17T23:41:00,2026-03-18T00:41:00,HW,2.0
CUR009,2026-03-30T23:30:00,2026-03-31T00:30:00,HW,2.02
CUR009,2026-04-15T23:23:00,2026-04-16T00:23:00,HW,1.86
CUR009,2026-04-21T23:40:00,2026-04-22T00:40:00,LW,0.51
CUR009,2026-04-28T23:18:00,2026-04-29T00:18:00,HW,1.79
CUR009,2026-04-29T23:56:00,2026-04-30T00:56:00,HW,1.69
CUR009,2026-05-14T23:13:00,2026-05-15T00:13:00,HW,1.7
CUR009,2026-05-20T23:13:00,2026-05-21T00:13:00,LW,0.49
CUR009,2026-05-27T23:09:00,2026-05-28T00:09:00,HW,1.57
CUR009,2026-05-28T23:45:00,2026-05-29T00:45:00,HW,1.49
CUR009,2026-06-05T23:42:00,2026-06-06T00:42:00,LW,0.79
CUR009,2026-06-12T23:08:00,2026-06-13T00:08:00,HW,1.56
CUR009,2026-06-13T23:56:00,2026-06-14T00:56:00,HW,1.56
CUR009,2026-06-19T23:52:00,2026-06-20T00:52:00,LW,0.58
CUR009,2026-06-25T23:06:00,2026-06-26T00:06:00,HW,1.4
CUR009,2026-06-26T23:38:00,2026-06-27T00:38:00,HW,1.36
CUR009,2026-07-05T23:30:00,2026-07-06T00:30:00,LW,0.77
CUR009,2026-07-11T23:05:00,2026-07-12T00:05:00,HW,1.49
CUR009,2026-07-12T23:51:00,2026-07-13T00:51:00,HW,1.52
CUR009,2026-07-18T23:09:00,2026-07-19T00:09:00,LW,0.64
CUR009,2026-07-24T23:04:00,2026-07-25T00:04:00,HW,1.3
CUR009,2026-07-25T23:28:00,2026-07-26T00:28:00,HW,1.3
CUR009,2026-07-26T23:48:00,2026-07-27T00:48:00,HW,1.32
CUR009,2026-08-04T23:27:00,2026-08-05T00:27:00,LW,0.8
CUR009,2026-08-10T23:42:00,2026-08-11T00:42:00,HW,1.54
CUR009,2026-08-17T23:09:00,2026-08-18T00:09:00,LW,0.81
CUR009,2026-08-23T23:10:00,2026-08-24T00:10:00,HW,1.28
CUR009,2026-08-24T23:21:00,2026-08-25T00:21:00,HW,1.32
CUR009,2026-08-25T23:40:00,2026-08-26T00:40:00,HW,1.38
CUR009,2026-09-03T23:46:00,2026-09-04T00:46:00,LW,0.88
CUR009,2026-09-08T23:30:00,2026-09-09T00:30:00,HW,1.59
CUR009,2026-09-23T23:11:00,2026-09-24T00:11:00,HW,1.45
CUR009,2026-09-24T23:40:00,2026-09-25T00:40:00,HW,1.58
CUR009,2026-10-02T23:19:00,2026-10-03T00:19:00,LW,0.89
CUR009,2026-10-07T23:16:00,2026-10-08T00:16:00,HW,1.68
CUR009,2026-10-08T23:56:00,2026-10-09T00:56:00,HW,1.81
CUR009,2026-10-23T23:13:00,2026-10-24T00:13:00,HW,1.74
CUR009,2026-10-24T23:48:00,2026-10-25T00:48:00,HW,1.91
CUR009,2026-10-31T23:02:00,2026-11-01T00:02:00,LW,0.87
CUR009,2026-11-06T23:37:00,2026-11-07T00:37:00,HW,1.94
CUR009,2026-11-22T23:23:00,2026-11-23T00:23:00,HW,2.09
CUR009,2026-12-05T23:14:00,2026-12-06T00:14:00,HW,2.02
CUR009,2026-12-06T23:47:00,2026-12-07T00:47:00,HW,2.1
CUR009,2026-12-22T23:42:00,2026-12-23T00:42:00,HW,2.32
CUR010,2026-01-09T23:47:00,2026-01-10T00:18:00,HW,0.426
CUR010,2026-01-25T23:58:00,2026-01-26T00:29:00,HW,0.474
CUR010,2026-02-03T23:54:00,2026-02-04T00:15:00,LW,0.421
CUR010,2026-02-18T23:41:00,2026-02-19T00:02:00,LW,0.41
CUR010,2026-03-04T23:58:00,2026-03-05T00:19:00,LW,0.437
CUR010,2026-03-19T23:51:00,2026-03-20T00:12:00,LW,0.426
CUR010,2026-03-25T23:53:00,2026-03-26T00:24:00,HW,0.527
CUR010,2026-04-09T23:55:00,2026-04-10T00:26:00,HW,0.484
CUR010,2026-05-09T23:48:00,2026-05-10T00:19:00,HW,0.474
CUR010,2026-06-21T23:29:00,2026-06-22T00:00:00,HW,0.458
CUR010,2026-06-28T23:47:00,2026-06-29T00:08:00,LW,0.431
CUR010,2026-07-07T23:57:00,2026-07-08T00:28:00,HW,0.426
CUR010,2026-07-13T23:49:00,2026-07-14T00:10:00,LW,0.431
CUR010,2026-07-28T23:57:00,2026-07-29T00:18:00,LW,0.421
CUR010,2026-08-12T23:55:00,2026-08-13T00:16:00,LW,0.431
CUR010,2026-08-19T23:33:00,2026-08-20T00:04:00,HW,0.363
CUR010,2026-08-28T23:48:00,2026-08-29T00:09:00,LW,0.437
CUR010,2026-09-11T23:54:00,2026-09-12T00:15:00,LW,0.421
CUR010,2026-10-28T23:56:00,2026-10-29T00:17:00,LW,0.373
CUR010,2026-11-11T23:46:00,2026-11-12T00:07:00,LW,0.384
CUR010,2026-11-30T23:35:00,2026-12-01T00:06:00,HW,0.405
CUR010,2026-12-15T23:30:00,2026-12-16T00:01:00,HW,0.384
CUR011,2026-01-06T00:01:00,2026-01-05T22:56:00,LW,0.39
CUR011,2026-01-07T00:49:00,2026-01-06T23:44:00,LW,0.37
CUR011,2026-01-11T00:48:00,2026-01-10T23:43:00,HW,0.4
CUR011,2026-01-22T00:32:00,2026-01-21T23:27:00,LW,0.35
CUR011,2026-01-27T00:59:00,2026-01-26T23:54:00,HW,0.54
CUR011,2026-02-05T00:51:00,2026-02-04T23:46:00,LW,0.4
CUR011,2026-02-09T00:10:00,2026-02-08T23:05:00,HW,0.43
CUR011,2026-02-10T01:04:00,2026-02-09T23:59:00,HW,0.45
CUR011,2026-02-20T00:44:00,2026-02-19T23:39:00,LW,0.38
CUR011,2026-02-25T00:26:00,2026-02-24T23:21:00,HW,0.57
CUR011,2026-03-11T00:21:00,2026-03-10T23:16:00,HW,0.46
CUR011,2026-03-12T00:58:00,2026-03-11T23:53:00,HW,0.49
CUR011,2026-03-27T00:50:00,2026-03-26T23:45:00,HW,0.57
CUR011,2026-04-03T00:08:00,2026-04-02T23:03:00,LW,0.45
CUR011,2026-04-11T00:32:00,2026-04-10T23:27:00,HW,0.5
CUR011,2026-04-18T00:07:00,2026-04-17T23:02:00,LW,0.45
CUR011,2026-04-25T00:27:00,2026-04-24T23:22:00,HW,0.53
CUR011,2026-05-02T00:10:00,2026-05-01T23:05:00,LW,0.45
CUR011,2026-05-11T00:46:00,2026-05-10T23:41:00,HW,0.48
CUR011,2026-05-17T00:22:00,2026-05-16T23:17:00,LW,0.47
CUR011,2026-05-24T00:00:00,2026-05-23T22:55:00,HW,0.48
CUR011,2026-05-25T00:55:00,2026-05-24T23:50:00,HW,0.47
CUR011,2026-05-31T00:02:00,2026-05-30T22:57:00,LW,0.45
CUR011,2026-06-01T01:03:00,2026-05-31T23:58:00,LW,0.45
CUR011,2026-06-09T00:27:00,2026-06-08T23:22:00,HW,0.42
CUR011,2026-06-15T00:16:00,2026-06-14T23:11:00,LW,0.45
CUR011,2026-06-23T00:26:00,2026-06-22T23:21:00,HW,0.39
CUR011,2026-06-30T00:37:00,2026-06-29T23:32:00,LW,0.43
CUR011,2026-07-09T00:53:00,2026-07-08T23:48:00,HW,0.37
CUR011,2026-07-15T00:29:00,2026-07-14T23:24:00,LW,0.44
CUR011,2026-07-22T00:01:00,2026-07-21T22:56:00,HW,0.31
CUR011,2026-07-30T00:25:00,2026-07-29T23:20:00,LW,0.42
CUR011,2026-07-31T00:46:00,2026-07-30T23:41:00,LW,0.42
CUR011,2026-08-07T00:24:00,2026-08-06T23:19:00,HW,0.3
CUR011,2026-08-14T00:35:00,2026-08-13T23:30:00,LW,0.42
CUR011,2026-08-21T00:46:00,2026-08-20T23:41:00,HW,0.24
CUR011,2026-08-30T00:12:00,2026-08-29T23:07:00,LW,0.43
CUR011,2026-08-31T00:42:00,2026-08-30T23:37:00,LW,0.4
CUR011,2026-09-05T00:20:00,2026-09-04T23:15:00,HW,0.25
CUR011,2026-09-13T00:24:00,2026-09-12T23:19:00,LW,0.4
CUR011,2026-09-14T00:51:00,2026-09-13T23:46:00,LW,0.37
CUR011,2026-09-19T00:21:00,2026-09-18T23:16:00,HW,0.21
CUR011,2026-09-29T00:01:00,2026-09-28T22:56:00,LW,0.38
CUR011,2026-09-30T00:34:00,2026-09-29T23:29:00,LW,0.32
CUR011,2026-10-04T00:28:00,2026-10-03T23:23:00,HW,0.26
CUR011,2026-10-13T00:00:00,2026-10-12T22:55:00,LW,0.37
CUR011,2026-10-14T00:25:00,2026-10-13T23:20:00,LW,0.34
CUR011,2026-10-15T00:51:00,2026-10-14T23:46:00,LW,0.3
CUR011,2026-10-18T00:21:00,2026-10-17T23:16:00,HW,0.2
CUR011,2026-10-30T00:34:00,2026-10-29T23:29:00,LW,0.29
CUR011,2026-11-02T00:07:00,2026-11-01T23:02:00,HW,0.29
CUR011,2026-11-13T00:12:00,2026-11-12T23:07:00,LW,0.3
CUR011,2026-11-14T00:38:00,2026-11-13T23:33:00,LW,0.27
CUR011,2026-11-16T00:06:00,2026-11-15T23:01:00,HW,0.23
CUR011,2026-11-28T00:22:00,2026-11-27T23:17:00,LW,0.34
CUR011,2026-12-02T00:49:00,2026-12-01T23:44:00,HW,0.35
CUR011,2026-12-13T00:06:00,2026-12-12T23:01:00,LW,0.31
CUR011,2026-12-14T00:43:00,2026-12-13T23:38:00,LW,0.31
CUR011,2026-12-17T00:29:00,2026-12-16T23:24:00,HW,0.32
CUR011,2026-12-27T00:21:00,2026-12-26T23:16:00,LW,0.38
CUR011,2026-12-31T00:18:00,2026-12-30T23:13:00,HW,0.39
CUR016,2026-01-01T00:48:00,2025-12-31T22:43:00,LW,2.0
CUR016,2026-01-02T01:51:00,2026-01-01T23:46:00,LW,2.08
CUR016,2026-01-08T00:35:00,2026-01-07T22:30:00,HW,3.77
CUR016,2026-01-09T01:24:00,2026-01-08T23:19:00,HW,3.64
CUR016,2026-01-15T00:48:00,2026-01-14T22:43:00,LW,2.37
CUR016,2026-01-16T01:44:00,2026-01-15T23:39:00,LW,2.42
CUR016,2026-01-24T00:40:00,2026-01-23T22:35:00,HW,3.69
CUR016,2026-01-25T01:24:00,2026-01-24T23:19:00,HW,3.69
CUR016,2026-01-30T00:32:00,2026-01-29T22:27:00,LW,2.15
CUR016,2026-01-31T01:41:00,2026-01-30T23:36:00,LW,2.19
CUR016,2026-02-06T00:02:00,2026-02-05T21:57:00,HW,3.76
CUR016,2026-02-07T00:45:00,2026-02-06T22:40:00,HW,3.64
CUR016,2026-02-08T01:29:00,2026-02-07T23:24:00,HW,3.46
CUR016,2026-02-13T00:08:00,2026-02-12T22:03:00,LW,2.48
CUR016,2026-02-14T01:08:00,2026-02-13T23:03:00,LW,2.48
CUR016,2026-02-22T00:10:00,2026-02-21T22:05:00,HW,3.89
CUR016,2026-02-23T00:55:00,2026-02-22T22:50:00,HW,3.84
CUR016,2026-02-24T01:43:00,2026-02-23T23:38:00,HW,3.71
CUR016,2026-02-28T00:29:00,2026-02-27T22:24:00,LW,2.2
CUR016,2026-03-01T01:48:00,2026-02-28T23:43:00,LW,2.15
CUR016,2026-03-08T00:06:00,2026-03-07T22:01:00,HW,3.55
CUR016,2026-03-09T00:44:00,2026-03-08T22:39:00,HW,3.38
CUR016,2026-03-10T01:21:00,2026-03-09T23:16:00,HW,3.18
CUR016,2026-03-11T01:56:00,2026-03-10T23:51:00,HW,2.97
CUR016,2026-03-15T00:33:00,2026-03-14T22:28:00,LW,2.45
CUR016,2026-03-16T01:35:00,2026-03-15T23:30:00,LW,2.3
CUR016,2026-03-24T00:29:00,2026-03-23T22:24:00,HW,3.9
CUR016,2026-03-25T01:20:00,2026-03-24T23:15:00,HW,3.68
CUR016,2026-03-29T00:57:00,2026-03-28T22:52:00,LW,2.1
CUR016,2026-04-07T00:03:00,2026-04-06T21:58:00,HW,3.26
CUR016,2026-04-08T00:36:00,2026-04-07T22:31:00,HW,3.1
CUR016,2026-04-09T01:10:00,2026-04-08T23:05:00,HW,2.93
CUR016,2026-04-10T01:49:00,2026-04-09T23:44:00,HW,2.77
CUR016,2026-04-14T01:01:00,2026-04-13T22:56:00,LW,2.13
CUR016,2026-04-15T01:53:00,2026-04-14T23:48:00,LW,1.87
CUR016,2026-04-22T00:10:00,2026-04-21T22:05:00,HW,3.89
CUR016,2026-04-23T01:04:00,2026-04-22T22:59:00,HW,3.63
CUR016,2026-04-27T01:16:00,2026-04-26T23:11:00,LW,1.84
CUR016,2026-05-07T00:04:00,2026-05-06T21:59:00,HW,3.05
CUR016,2026-05-08T00:42:00,2026-05-07T22:37:00,HW,2.95
CUR016,2026-05-09T01:27:00,2026-05-08T23:22:00,HW,2.83
CUR016,2026-05-13T00:25:00,2026-05-12T22:20:00,LW,1.88
CUR016,2026-05-14T01:18:00,2026-05-13T23:13:00,LW,1.6
CUR016,2026-05-22T00:52:00,2026-05-21T22:47:00,HW,3.64
CUR016,2026-05-23T01:54:00,2026-05-22T23:49:00,HW,3.37
CUR016,2026-05-26T00:44:00,2026-05-25T22:39:00,LW,1.61
CUR016,2026-05-27T01:44:00,2026-05-26T23:39:00,LW,1.47
CUR016,2026-06-06T00:24:00,2026-06-05T22:19:00,HW,3.05
CUR016,2026-06-07T01:10:00,2026-06-06T23:05:00,HW,3.0
CUR016,2026-06-08T02:03:00,2026-06-07T23:58:00,HW,2.94
CUR016,2026-06-12T00:43:00,2026-06-11T22:38:00,LW,1.31
CUR016,2026-06-13T01:36:00,2026-06-12T23:31:00,LW,1.02
CUR016,2026-06-20T00:37:00,2026-06-19T22:32:00,HW,3.72
CUR016,2026-06-21T01:35:00,2026-06-20T23:30:00,HW,3.46
CUR016,2026-06-25T00:41:00,2026-06-24T22:36:00,LW,1.39
CUR016,2026-06-26T01:25:00,2026-06-25T23:20:00,LW,1.3
CUR016,2026-07-05T00:05:00,2026-07-04T22:00:00,HW,3.28
CUR016,2026-07-06T00:51:00,2026-07-05T22:46:00,HW,3.26
CUR016,2026-07-07T01:40:00,2026-07-06T23:35:00,HW,3.2
CUR016,2026-07-11T00:13:00,2026-07-10T22:08:00,LW,1.07
CUR016,2026-07-12T01:11:00,2026-07-11T23:06:00,LW,0.86
CUR016,2026-07-19T00:16:00,2026-07-18T22:11:00,HW,3.79
CUR016,2026-07-20T01:10:00,2026-07-19T23:05:00,HW,3.52
CUR016,2026-07-25T00:30:00,2026-07-24T22:25:00,LW,1.34
CUR016,2026-07-26T01:19:00,2026-07-25T23:14:00,LW,1.29
CUR016,2026-08-04T00:29:00,2026-08-03T22:24:00,HW,3.52
CUR016,2026-08-05T01:18:00,2026-08-04T23:13:00,HW,3.43
CUR016,2026-08-10T00:52:00,2026-08-09T22:47:00,LW,0.83
CUR016,2026-08-11T01:55:00,2026-08-10T23:50:00,LW,0.75
CUR016,2026-08-18T00:42:00,2026-08-17T22:37:00,HW,3.52
CUR016,2026-08-19T01:37:00,2026-08-18T23:32:00,HW,3.23
CUR016,2026-08-24T00:38:00,2026-08-23T22:33:00,LW,1.43
CUR016,2026-08-25T01:32:00,2026-08-24T23:27:00,LW,1.4
CUR016,2026-09-02T00:09:00,2026-09-01T22:04:00,HW,3.72
CUR016,2026-09-03T00:59:00,2026-09-02T22:54:00,HW,3.58
CUR016,2026-09-04T01:54:00,2026-09-03T23:49:00,HW,3.39
CUR016,2026-09-08T00:39:00,2026-09-07T22:34:00,LW,0.9
CUR016,2026-09-09T01:45:00,2026-09-08T23:40:00,LW,0.91
CUR016,2026-09-16T00:16:00,2026-09-15T22:11:00,HW,3.45
CUR016,2026-09-17T01:08:00,2026-09-16T23:03:00,HW,3.21
CUR016,2026-09-23T00:54:00,2026-09-22T22:49:00,LW,1.57
CUR016,2026-09-24T01:48:00,2026-09-23T23:43:00,LW,1.53
CUR016,2026-10-02T00:44:00,2026-10-01T22:39:00,HW,3.66
CUR016,2026-10-03T01:42:00,2026-10-02T23:37:00,HW,3.46
CUR016,2026-10-07T00:31:00,2026-10-06T22:26:00,LW,1.02
CUR016,2026-10-08T01:42:00,2026-10-07T23:37:00,LW,1.12
CUR016,2026-10-16T00:45:00,2026-10-15T22:40:00,HW,3.17
CUR016,2026-10-17T01:41:00,2026-10-16T23:36:00,HW,3.01
CUR016,2026-10-22T00:11:00,2026-10-21T22:06:00,LW,1.67
CUR016,2026-10-23T01:04:00,2026-10-22T22:59:00,LW,1.68
CUR016,2026-10-24T01:53:00,2026-10-23T23:48:00,LW,1.66
CUR016,2026-10-31T00:33:00,2026-10-30T22:28:00,HW,3.73
CUR016,2026-11-01T01:33:00,2026-10-31T23:28:00,HW,3.56
CUR016,2026-11-05T00:21:00,2026-11-04T22:16:00,LW,1.18
CUR016,2026-11-06T01:31:00,2026-11-05T23:26:00,LW,1.36
CUR016,2026-11-14T00:25:00,2026-11-13T22:20:00,HW,3.16
CUR016,2026-11-15T01:10:00,2026-11-14T23:05:00,HW,3.08
CUR016,2026-11-16T01:54:00,2026-11-15T23:49:00,HW,3.0
CUR016,2026-11-21T00:12:00,2026-11-20T22:07:00,LW,1.78
CUR016,2026-11-22T01:02:00,2026-11-21T22:57:00,LW,1.84
CUR016,2026-11-23T01:52:00,2026-11-22T23:47:00,LW,1.88
CUR016,2026-11-29T00:23:00,2026-11-28T22:18:00,HW,3.84
CUR016,2026-11-30T01:19:00,2026-11-29T23:14:00,HW,3.72
CUR016,2026-12-05T00:52:00,2026-12-04T22:47:00,LW,1.64
CUR016,2026-12-06T01:54:00,2026-12-05T23:49:00,LW,1.86
CUR016,2026-12-14T00:35:00,2026-12-13T22:30:00,HW,3.18
CUR016,2026-12-15T01:10:00,2026-12-14T23:05:00,HW,3.17
CUR016,2026-12-16T01:48:00,2026-12-15T23:43:00,HW,3.18
CUR016,2026-12-21T00:12:00,2026-12-20T22:07:00,LW,1.98
CUR016,2026-12-22T01:10:00,2026-12-21T23:05:00,LW,2.06
CUR016,2026-12-28T00:05:00,2026-12-27T22:00:00,HW,3.96
CUR016,2026-12-29T00:56:00,2026-12-28T22:51:00,HW,3.86
CUR016,2026-12-30T01:49:00,2026-12-29T23:44:00,HW,3.72
CUR018,2026-01-06T23:31:00,2026-01-07T00:08:00,HW,9.99
CUR018,2026-01-22T23:26:00,2026-01-23T00:03:00,HW,9.56
CUR018,2026-02-05T23:54:00,2026-02-06T00:31:00,HW,9.7
CUR018,2026-02-21T23:38:00,2026-02-22T00:15:00,HW,9.8
CUR018,2026-03-06T23:29:00,2026-03-07T00:06:00,HW,9.66
CUR018,2026-04-05T23:37:00,2026-04-06T00:14:00,HW,9.3
CUR018,2026-04-21T23:41:00,2026-04-22T00:18:00,HW,10.09
CUR018,2026-05-05T23:36:00,2026-05-06T00:13:00,HW,9.03
CUR018,2026-05-20T23:26:00,2026-05-21T00:03:00,HW,10.18
CUR018,2026-06-04T23:30:00,2026-06-05T00:07:00,HW,9.02
CUR018,2026-07-04T23:34:00,2026-07-05T00:11:00,HW,9.24
CUR018,2026-07-18T23:53:00,2026-07-19T00:30:00,HW,9.78
CUR018,2026-08-03T23:56:00,2026-08-04T00:33:00,HW,9.46
CUR018,2026-08-16T23:43:00,2026-08-17T00:20:00,HW,9.7
CUR018,2026-09-01T23:41:00,2026-09-02T00:18:00,HW,9.71
CUR018,2026-09-14T23:31:00,2026-09-15T00:08:00,HW,9.63
CUR018,2026-09-30T23:28:00,2026-10-01T00:05:00,HW,9.89
CUR018,2026-10-14T23:58:00,2026-10-15T00:35:00,HW,9.3
CUR018,2026-11-12T23:34:00,2026-11-13T00:11:00,HW,9.31
CUR018,2026-11-28T23:54:00,2026-11-29T00:31:00,HW,9.93
CUR018,2026-12-12T23:41:00,2026-12-13T00:18:00,HW,9.16
CUR018,2026-12-27T23:39:00,2026-12-28T00:16:00,HW,10.02
CUR019,2026-01-02T00:15:00,2026-01-01T20:05:00,HW,12.721
CUR019,2026-01-03T01:08:00,2026-01-02T20:58:00,HW,13.313
CUR019,2026-01-04T01:58:00,2026-01-03T21:48:00,HW,13.656
CUR019,2026-01-05T02:44:00,2026-01-04T22:34:00,HW,13.695
CUR019,2026-01-06T03:28:00,2026-01-05T23:18:00,HW,13.389
CUR019,2026-01-07T04:09:00,2026-01-06T23:59:00,HW,12.778
CUR019,2026-01-10T00:14:00,2026-01-09T20:12:00,LW,5.707
CUR019,2026-01-11T01:14:00,2026-01-10T21:12:00,LW,6.593
CUR019,2026-01-12T02:36:00,2026-01-11T22:34:00,LW,7.085
CUR019,2026-01-16T00:07:00,2026-01-15T19:57:00,HW,10.944
CUR019,2026-01-17T00:43:00,2026-01-16T20:33:00,HW,11.441
CUR019,2026-01-18T01:17:00,2026-01-17T21:07:00,HW,11.842
CUR019,2026-01-19T01:49:00,2026-01-18T21:39:00,HW,12.109
CUR019,2026-01-20T02:22:00,2026-01-19T22:12:00,HW,12.205
CUR019,2026-01-21T02:55:00,2026-01-20T22:45:00,HW,12.128
CUR019,2026-01-22T03:29:00,2026-01-21T23:19:00,HW,11.88
CUR019,2026-01-23T04:05:00,2026-01-22T23:55:00,HW,11.498
CUR019,2026-01-26T00:25:00,2026-01-25T20:23:00,LW,5.756
CUR019,2026-01-27T01:42:00,2026-01-26T21:40:00,LW,6.175
CUR019,2026-01-28T03:19:00,2026-01-27T23:17:00,LW,6.052
CUR019,2026-01-31T00:14:00,2026-01-30T20:04:00,HW,12.491
CUR019,2026-02-01T01:04:00,2026-01-31T20:54:00,HW,13.274
CUR019,2026-02-02T01:48:00,2026-02-01T21:38:00,HW,13.752
CUR019,2026-02-03T02:28:00,2026-02-02T22:18:00,HW,13.828
CUR019,2026-02-04T03:05:00,2026-02-03T22:55:00,HW,13.485
CUR019,2026-02-05T03:39:00,2026-02-04T23:29:00,HW,12.797
CUR019,2026-02-10T01:17:00,2026-02-09T21:15:00,LW,7.823
CUR019,2026-02-11T03:47:00,2026-02-10T23:45:00,LW,7.847
CUR019,2026-02-15T00:27:00,2026-02-14T20:17:00,HW,11.46
CUR019,2026-02-16T00:59:00,2026-02-15T20:49:00,HW,12.09
CUR019,2026-02-17T01:31:00,2026-02-16T21:21:00,HW,12.53
CUR019,2026-02-18T02:03:00,2026-02-17T21:53:00,HW,12.759
CUR019,2026-02-19T02:36:00,2026-02-18T22:26:00,HW,12.721
CUR019,2026-02-20T03:10:00,2026-02-19T23:00:00,HW,12.434
CUR019,2026-02-21T03:45:00,2026-02-20T23:35:00,HW,11.918
CUR019,2026-02-24T00:02:00,2026-02-23T20:00:00,LW,5.56
CUR019,2026-02-25T01:26:00,2026-02-24T21:24:00,LW,6.347
CUR019,2026-02-26T03:21:00,2026-02-25T23:19:00,LW,6.248
CUR019,2026-03-01T00:07:00,2026-02-28T19:57:00,HW,12.51
CUR019,2026-03-02T00:51:00,2026-03-01T20:41:00,HW,13.255
CUR019,2026-03-03T01:29:00,2026-03-02T21:19:00,HW,13.637
CUR019,2026-03-04T02:04:00,2026-03-03T21:54:00,HW,13.58
CUR019,2026-03-05T02:36:00,2026-03-04T22:26:00,HW,13.122
CUR019,2026-03-06T03:05:00,2026-03-05T22:55:00,HW,12.377
CUR019,2026-03-07T03:32:00,2026-03-06T23:22:00,HW,11.479
CUR019,2026-03-08T03:58:00,2026-03-07T23:48:00,HW,10.505
CUR019,2026-03-12T03:14:00,2026-03-11T23:12:00,LW,8.266
CUR019,2026-03-17T00:31:00,2026-03-16T20:21:00,HW,12.186
CUR019,2026-03-18T01:04:00,2026-03-17T20:54:00,HW,12.74
CUR019,2026-03-19T01:38:00,2026-03-18T21:28:00,HW,13.007
CUR019,2026-03-20T02:13:00,2026-03-19T22:03:00,HW,12.95
CUR019,2026-03-21T02:50:00,2026-03-20T22:40:00,HW,12.587
CUR019,2026-03-22T03:27:00,2026-03-21T23:17:00,HW,11.957
CUR019,2026-03-23T04:09:00,2026-03-22T23:59:00,HW,11.116
CUR019,2026-03-26T01:31:00,2026-03-25T21:29:00,LW,6.125
CUR019,2026-03-27T03:19:00,2026-03-26T23:17:00,LW,5.756
CUR019,2026-03-31T00:27:00,2026-03-30T20:17:00,HW,12.873
CUR019,2026-04-01T01:03:00,2026-03-31T20:53:00,HW,13.026
CUR019,2026-04-02T01:36:00,2026-04-01T21:26:00,HW,12.835
CUR019,2026-04-03T02:06:00,2026-04-02T21:56:00,HW,12.339
CUR019,2026-04-04T02:34:00,2026-04-03T22:24:00,HW,11.651
CUR019,2026-04-05T03:00:00,2026-04-04T22:50:00,HW,10.887
CUR019,2026-04-06T03:24:00,2026-04-05T23:14:00,HW,10.104
CUR019,2026-04-07T03:50:00,2026-04-06T23:40:00,HW,9.302
CUR019,2026-04-10T01:39:00,2026-04-09T21:37:00,LW,8.069
CUR019,2026-04-11T03:43:00,2026-04-10T23:41:00,LW,7.257
CUR019,2026-04-16T00:34:00,2026-04-15T20:24:00,HW,12.51
CUR019,2026-04-17T01:12:00,2026-04-16T21:02:00,HW,12.778
CUR019,2026-04-18T01:51:00,2026-04-17T21:41:00,HW,12.721
CUR019,2026-04-19T02:32:00,2026-04-18T22:22:00,HW,12.358
CUR019,2026-04-20T03:16:00,2026-04-19T23:06:00,HW,11.727
CUR019,2026-04-21T04:04:00,2026-04-20T23:54:00,HW,10.925
CUR019,2026-04-23T00:02:00,2026-04-22T20:00:00,LW,4.92
CUR019,2026-04-24T01:27:00,2026-04-23T21:25:00,LW,5.338
CUR019,2026-04-25T02:53:00,2026-04-24T22:51:00,LW,5.068
CUR019,2026-04-26T04:00:00,2026-04-25T23:58:00,LW,4.33
CUR019,2026-04-30T00:36:00,2026-04-29T20:26:00,HW,11.976
CUR019,2026-05-01T01:10:00,2026-04-30T21:00:00,HW,11.747
CUR019,2026-05-02T01:41:00,2026-05-01T21:31:00,HW,11.364
CUR019,2026-05-03T02:10:00,2026-05-02T22:00:00,HW,10.868
CUR019,2026-05-04T02:38:00,2026-05-03T22:28:00,HW,10.333
CUR019,2026-05-05T03:06:00,2026-05-04T22:56:00,HW,9.779
CUR019,2026-05-06T03:37:00,2026-05-05T23:27:00,HW,9.206
CUR019,2026-05-09T00:28:00,2026-05-08T20:26:00,LW,7.232
CUR019,2026-05-10T02:09:00,2026-05-09T22:07:00,LW,6.937
CUR019,2026-05-11T03:19:00,2026-05-10T23:17:00,LW,6.125
CUR019,2026-05-15T00:04:00,2026-05-14T19:54:00,HW,11.861
CUR019,2026-05-16T00:49:00,2026-05-15T20:39:00,HW,12.148
CUR019,2026-05-17T01:35:00,2026-05-16T21:25:00,HW,12.186
CUR019,2026-05-18T02:22:00,2026-05-17T22:12:00,HW,11.957
CUR019,2026-05-19T03:12:00,2026-05-18T23:02:00,HW,11.555
CUR019,2026-05-20T04:04:00,2026-05-19T23:54:00,HW,11.021
CUR019,2026-05-23T01:01:00,2026-05-22T20:59:00,LW,4.428
CUR019,2026-05-24T02:09:00,2026-05-23T22:07:00,LW,4.6
CUR019,2026-05-25T03:12:00,2026-05-24T23:10:00,LW,4.526
CUR019,2026-05-29T00:14:00,2026-05-28T20:04:00,HW,10.753
CUR019,2026-05-30T00:52:00,2026-05-29T20:42:00,HW,10.696
CUR019,2026-05-31T01:27:00,2026-05-30T21:17:00,HW,10.543
CUR019,2026-06-01T01:59:00,2026-05-31T21:49:00,HW,10.333
CUR019,2026-06-02T02:30:00,2026-06-01T22:20:00,HW,10.066
CUR019,2026-06-03T03:00:00,2026-06-02T22:50:00,HW,9.779
CUR019,2026-06-04T03:33:00,2026-06-03T23:23:00,HW,9.454
CUR019,2026-06-08T00:49:00,2026-06-07T20:47:00,LW,6.175
CUR019,2026-06-09T01:58:00,2026-06-08T21:56:00,LW,5.953
CUR019,2026-06-10T03:03:00,2026-06-09T23:01:00,LW,5.486
CUR019,2026-06-11T04:01:00,2026-06-10T23:59:00,LW,4.871
CUR019,2026-06-14T00:35:00,2026-06-13T20:25:00,HW,11.422
CUR019,2026-06-15T01:28:00,2026-06-14T21:18:00,HW,11.689
CUR019,2026-06-16T02:19:00,2026-06-15T22:09:00,HW,11.785
CUR019,2026-06-17T03:09:00,2026-06-16T22:59:00,HW,11.727
CUR019,2026-06-18T03:58:00,2026-06-17T23:48:00,HW,11.517
CUR019,2026-06-21T00:20:00,2026-06-20T20:18:00,LW,3.838
CUR019,2026-06-22T01:14:00,2026-06-21T21:12:00,LW,4.6
CUR019,2026-06-23T02:14:00,2026-06-22T22:12:00,LW,5.215
CUR019,2026-06-24T03:17:00,2026-06-23T23:15:00,LW,5.609
CUR019,2026-06-27T00:02:00,2026-06-26T19:52:00,HW,9.798
CUR019,2026-06-28T00:44:00,2026-06-27T20:34:00,HW,10.027
CUR019,2026-06-29T01:20:00,2026-06-28T21:10:00,HW,10.199
CUR019,2026-06-30T01:52:00,2026-06-29T21:42:00,HW,10.295
CUR019,2026-07-01T02:23:00,2026-06-30T22:13:00,HW,10.295
CUR019,2026-07-02T02:53:00,2026-07-01T22:43:00,HW,10.218
CUR019,2026-07-03T03:24:00,2026-07-02T23:14:00,HW,10.085
CUR019,2026-07-04T03:57:00,2026-07-03T23:47:00,HW,9.913
CUR019,2026-07-08T00:50:00,2026-07-07T20:48:00,LW,5.707
CUR019,2026-07-09T01:59:00,2026-07-08T21:57:00,LW,5.904
CUR019,2026-07-10T03:15:00,2026-07-09T23:13:00,LW,5.83
CUR019,2026-07-13T00:33:00,2026-07-12T20:23:00,HW,10.982
CUR019,2026-07-14T01:25:00,2026-07-13T21:15:00,HW,11.613
CUR019,2026-07-15T02:13:00,2026-07-14T22:03:00,HW,12.052
CUR019,2026-07-16T02:57:00,2026-07-15T22:47:00,HW,12.243
CUR019,2026-07-17T03:39:00,2026-07-16T23:29:00,HW,12.186
CUR019,2026-07-21T00:13:00,2026-07-20T20:11:00,LW,4.945
CUR019,2026-07-22T01:04:00,2026-07-21T21:02:00,LW,6.101
CUR019,2026-07-23T02:16:00,2026-07-22T22:14:00,LW,6.962
CUR019,2026-07-24T03:45:00,2026-07-23T23:43:00,LW,7.232
CUR019,2026-07-27T00:37:00,2026-07-26T20:27:00,HW,9.875
CUR019,2026-07-28T01:09:00,2026-07-27T20:59:00,HW,10.314
CUR019,2026-07-29T01:38:00,2026-07-28T21:28:00,HW,10.658
CUR019,2026-07-30T02:06:00,2026-07-29T21:56:00,HW,10.868
CUR019,2026-07-31T02:35:00,2026-07-30T22:25:00,HW,10.963
CUR019,2026-08-01T03:04:00,2026-07-31T22:54:00,HW,10.963
CUR019,2026-08-02T03:34:00,2026-08-01T23:24:00,HW,10.906
CUR019,2026-08-03T04:07:00,2026-08-02T23:57:00,HW,10.792
CUR019,2026-08-06T00:01:00,2026-08-05T19:59:00,LW,5.707
CUR019,2026-08-07T01:09:00,2026-08-06T21:07:00,LW,6.445
CUR019,2026-08-08T02:46:00,2026-08-07T22:44:00,LW,6.765
CUR019,2026-08-11T00:30:00,2026-08-10T20:20:00,HW,11.097
CUR019,2026-08-12T01:16:00,2026-08-11T21:06:00,HW,11.938
CUR019,2026-08-13T01:57:00,2026-08-12T21:47:00,HW,12.53
CUR019,2026-08-14T02:35:00,2026-08-13T22:25:00,HW,12.778
CUR019,2026-08-15T03:10:00,2026-08-14T23:00:00,HW,12.701
CUR019,2026-08-16T03:45:00,2026-08-15T23:35:00,HW,12.319
CUR019,2026-08-21T00:50:00,2026-08-20T20:48:00,LW,7.97
CUR019,2026-08-22T03:23:00,2026-08-21T23:21:00,LW,8.315
CUR019,2026-08-25T00:18:00,2026-08-24T20:08:00,HW,9.989
CUR019,2026-08-26T00:46:00,2026-08-25T20:36:00,HW,10.639
CUR019,2026-08-27T01:13:00,2026-08-26T21:03:00,HW,11.154
CUR019,2026-08-28T01:40:00,2026-08-27T21:30:00,HW,11.555
CUR019,2026-08-29T02:09:00,2026-08-28T21:59:00,HW,11.804
CUR019,2026-08-30T02:38:00,2026-08-29T22:28:00,HW,11.938
CUR019,2026-08-31T03:08:00,2026-08-30T22:58:00,HW,11.918
CUR019,2026-09-01T03:41:00,2026-08-31T23:31:00,HW,11.747
CUR019,2026-09-05T00:47:00,2026-09-04T20:45:00,LW,7.011
CUR019,2026-09-06T02:47:00,2026-09-05T22:45:00,LW,7.232
CUR019,2026-09-09T00:16:00,2026-09-08T20:06:00,HW,11.517
CUR019,2026-09-10T00:55:00,2026-09-09T20:45:00,HW,12.358
CUR019,2026-09-11T01:32:00,2026-09-10T21:22:00,HW,12.893
CUR019,2026-09-12T02:06:00,2026-09-11T21:56:00,HW,13.064
CUR019,2026-09-13T02:38:00,2026-09-12T22:28:00,HW,12.912
CUR019,2026-09-14T03:08:00,2026-09-13T22:58:00,HW,12.453
CUR019,2026-09-15T03:36:00,2026-09-14T23:26:00,HW,11.804
CUR019,2026-09-16T04:04:00,2026-09-15T23:54:00,HW,11.021
CUR019,2026-09-20T02:47:00,2026-09-19T22:45:00,LW,8.807
CUR019,2026-09-24T00:11:00,2026-09-23T20:01:00,HW,10.868
CUR019,2026-09-25T00:39:00,2026-09-24T20:29:00,HW,11.555
CUR019,2026-09-26T01:08:00,2026-09-25T20:58:00,HW,12.148
CUR019,2026-09-27T01:39:00,2026-09-26T21:29:00,HW,12.549
CUR019,2026-09-28T02:10:00,2026-09-27T22:00:00,HW,12.759
CUR019,2026-09-29T02:44:00,2026-09-28T22:34:00,HW,12.74
CUR019,2026-09-30T03:19:00,2026-09-29T23:09:00,HW,12.453
CUR019,2026-10-01T03:59:00,2026-09-30T23:49:00,HW,11.938
CUR019,2026-10-04T00:57:00,2026-10-03T20:55:00,LW,7.134
CUR019,2026-10-05T02:51:00,2026-10-04T22:49:00,LW,6.863
CUR019,2026-10-09T00:27:00,2026-10-08T20:17:00,HW,12.491
CUR019,2026-10-10T01:02:00,2026-10-09T20:52:00,HW,12.893
CUR019,2026-10-11T01:35:00,2026-10-10T21:25:00,HW,12.988
CUR019,2026-10-12T02:06:00,2026-10-11T21:56:00,HW,12.778
CUR019,2026-10-13T02:34:00,2026-10-12T22:24:00,HW,12.319
CUR019,2026-10-14T03:01:00,2026-10-13T22:51:00,HW,11.708
CUR019,2026-10-15T03:27:00,2026-10-14T23:17:00,HW,11.021
CUR019,2026-10-16T03:56:00,2026-10-15T23:46:00,HW,10.257
CUR019,2026-10-19T01:15:00,2026-10-18T21:13:00,LW,8.708
CUR019,2026-10-20T03:23:00,2026-10-19T23:21:00,LW,7.97
CUR019,2026-10-24T00:01:00,2026-10-23T19:51:00,HW,11.766
CUR019,2026-10-25T00:34:00,2026-10-24T20:24:00,HW,12.472
CUR019,2026-10-26T01:09:00,2026-10-25T20:59:00,HW,13.007
CUR019,2026-10-27T01:45:00,2026-10-26T21:35:00,HW,13.255
CUR019,2026-10-28T02:24:00,2026-10-27T22:14:00,HW,13.217
CUR019,2026-10-29T03:06:00,2026-10-28T22:56:00,HW,12.873
CUR019,2026-10-30T03:53:00,2026-10-29T23:43:00,HW,12.281
CUR019,2026-11-02T01:01:00,2026-11-01T20:59:00,LW,6.421
CUR019,2026-11-03T02:29:00,2026-11-02T22:27:00,LW,6.076
CUR019,2026-11-04T03:42:00,2026-11-03T23:40:00,LW,5.24
CUR019,2026-11-08T00:34:00,2026-11-07T20:24:00,HW,12.51
CUR019,2026-11-09T01:08:00,2026-11-08T20:58:00,HW,12.549
CUR019,2026-11-10T01:40:00,2026-11-09T21:30:00,HW,12.377
CUR019,2026-11-11T02:10:00,2026-11-10T22:00:00,HW,12.014
CUR019,2026-11-12T02:38:00,2026-11-11T22:28:00,HW,11.555
CUR019,2026-11-13T03:07:00,2026-11-12T22:57:00,HW,11.002
CUR019,2026-11-14T03:38:00,2026-11-13T23:28:00,HW,10.448
CUR019,2026-11-17T00:06:00,2026-11-16T20:04:00,LW,7.97
CUR019,2026-11-18T01:49:00,2026-11-17T21:47:00,LW,7.798
CUR019,2026-11-19T03:09:00,2026-11-18T23:07:00,LW,7.011
CUR019,2026-11-23T00:01:00,2026-11-22T19:51:00,HW,12.453
CUR019,2026-11-24T00:43:00,2026-11-23T20:33:00,HW,13.045
CUR019,2026-11-25T01:27:00,2026-11-24T21:17:00,HW,13.389
CUR019,2026-11-26T02:13:00,2026-11-25T22:03:00,HW,13.427
CUR019,2026-11-27T03:01:00,2026-11-26T22:51:00,HW,13.179
CUR019,2026-11-28T03:52:00,2026-11-27T23:42:00,HW,12.721
CUR019,2026-12-01T00:40:00,2026-11-30T20:38:00,LW,5.363
CUR019,2026-12-02T01:51:00,2026-12-01T21:49:00,LW,5.461
CUR019,2026-12-03T03:02:00,2026-12-02T23:00:00,LW,5.264
CUR019,2026-12-07T00:12:00,2026-12-06T20:02:00,HW,11.842
CUR019,2026-12-08T00:50:00,2026-12-07T20:40:00,HW,11.957
CUR019,2026-12-09T01:25:00,2026-12-08T21:15:00,HW,11.938
CUR019,2026-12-10T01:57:00,2026-12-09T21:47:00,HW,11.766
CUR019,2026-12-11T02:27:00,2026-12-10T22:17:00,HW,11.517
CUR019,2026-12-12T02:57:00,2026-12-11T22:47:00,HW,11.212
CUR019,2026-12-13T03:28:00,2026-12-12T23:18:00,HW,10.83
CUR019,2026-12-14T04:02:00,2026-12-13T23:52:00,HW,10.429
CUR019,2026-12-17T00:31:00,2026-12-16T20:29:00,LW,7.085
CUR019,2026-12-18T01:50:00,2026-12-17T21:48:00,LW,6.937
CUR019,2026-12-19T03:08:00,2026-12-18T23:06:00,LW,6.347
CUR019,2026-12-23T00:28:00,2026-12-22T20:18:00,HW,12.835
CUR019,2026-12-24T01:19:00,2026-12-23T21:09:00,HW,13.351
CUR019,2026-12-25T02:08:00,2026-12-24T21:58:00,HW,13.618
CUR019,2026-12-26T02:57:00,2026-12-25T22:47:00,HW,13.618
CUR019,2026-12-27T03:45:00,2026-12-26T23:35:00,HW,13.351
CUR019,2026-12-30T00:06:00,2026-12-29T20:04:00,LW,4.502
CUR019,2026-12-31T01:06:00,2026-12-30T21:04:00,LW,5.215
