station_id,station_name,app_mode,tide_relation_level,tide_time_method_available,tide_height_method_available,tide_automatic_capability,weak_current_table,timezone_id,timezone_rule_2026,source_timezone,publication_adjustment_minutes,current_data_2026,astronomy_context,gps_policy,latitude,longitude,flow_direction_true,ebb_direction_true
CUR001,"Canal Chacao, boca occidental",CURRENT_WITH_TIDE_REFERENCE,SECTOR_REFERENCE,False,False,NO_AUTOMATIC_TIDE,A,America/Santiago,CHILE_CONTINENTAL_2026,UTC-4,,True,True,SUGGEST_ONLY_CONFIRM_SELECTION,-41.78777777777778,-73.80916666666667,108.0,284.0
CUR002,"Canal Chacao, boca oriental",CURRENT_WITH_TIDE_REFERENCE,SECTOR_REFERENCE,False,False,NO_AUTOMATIC_TIDE,A,America/Santiago,CHILE_CONTINENTAL_2026,UTC-4,,True,True,SUGGEST_ONLY_CONFIRM_SELECTION,-41.79333333333333,-73.52888888888889,132.0,312.0
CUR003,"Canal Dalcahue, archipiélago de Chiloé",CURRENT_AND_TIDE_EVENTS_ONLY,EXACT_SECONDARY,True,False,EVENT_TIMES_ONLY,B,America/Santiago,CHILE_CONTINENTAL_2026,UTC-4,,True,True,SUGGEST_ONLY_CONFIRM_SELECTION,-42.38638888888889,-73.6588888888889,76.0,200.0
CUR004,"Boca del Guafo, golfo Corcovado",CURRENT_WITH_TIDE_REFERENCE,SECTOR_REFERENCE,False,False,NO_AUTOMATIC_TIDE,B,America/Santiago,CHILE_CONTINENTAL_2026,UTC-4,,True,True,SUGGEST_ONLY_CONFIRM_SELECTION,-43.526666666666664,-73.86666666666666,85.0,260.0
CUR005,"Isla Meninea, canal Moraleda",CURRENT_WITH_TIDE_REFERENCE,SECTOR_REFERENCE,False,False,NO_AUTOMATIC_TIDE,B,America/Punta_Arenas,PUB3015_PAGES_35_153_ADD_1H_2026,UTC-4,60.0,True,True,SUGGEST_ONLY_CONFIRM_SELECTION,-45.26,-73.66000000000001,180.0,10.0
CUR006,"Bajo Roepke, canal Pulluche",CURRENT_WITH_TIDE_REFERENCE,SECTOR_REFERENCE,False,False,NO_AUTOMATIC_TIDE,A,America/Punta_Arenas,PUB3015_PAGES_35_153_ADD_1H_2026,UTC-4,60.0,True,True,SUGGEST_ONLY_CONFIRM_SELECTION,-45.75222222222222,-74.32944444444443,350.0,205.0
CUR007,"Paso Quesahuén, golfo Elefantes",CURRENT_AND_FULL_TIDE,EXACT_SECONDARY,True,True,FULL_TIDE,E,America/Punta_Arenas,PUB3015_PAGES_35_153_ADD_1H_2026,UTC-4,60.0,True,True,SUGGEST_ONLY_CONFIRM_SELECTION,-46.38861111111111,-73.74861111111112,192.0,32.0
CUR008,"Paso De Vidts, golfo Elefantes",CURRENT_WITH_TIDE_REFERENCE,SECTOR_REFERENCE,False,False,NO_AUTOMATIC_TIDE,F,America/Punta_Arenas,PUB3015_PAGES_35_153_ADD_1H_2026,UTC-4,60.0,True,True,SUGGEST_ONLY_CONFIRM_SELECTION,-46.530833333333334,-73.84305555555555,213.0,123.0
CUR009,"Angostura Inglesa, canal Messier",CURRENT_AND_FULL_TIDE,EXACT_PATTERN,True,True,FULL_TIDE,G,America/Punta_Arenas,PUB3015_PAGES_35_153_ADD_1H_2026,UTC-4,60.0,True,True,SUGGEST_ONLY_CONFIRM_SELECTION,-48.97027777777778,-74.41833333333334,246.0,27.0
CUR010,"Angostura White, canal Santa María",CURRENT_AND_FULL_TIDE,EXACT_SECONDARY,True,True,FULL_TIDE,C,America/Punta_Arenas,PUB3015_PAGES_35_153_ADD_1H_2026,UTC-4,60.0,True,True,SUGGEST_ONLY_CONFIRM_SELECTION,-51.89,-72.95055555555555,127.0,290.0
CUR011,"Angostura Kirke, canal Kirke",CURRENT_AND_FULL_TIDE,EXACT_SECONDARY,True,True,FULL_TIDE,D,America/Punta_Arenas,PUB3015_PAGES_35_153_ADD_1H_2026,UTC-4,60.0,True,True,SUGGEST_ONLY_CONFIRM_SELECTION,-52.0583333333,-73.0111111111,100.0,290.0
CUR012,"Angostura Santa Cruz, canal Fitz Roy",CURRENT_WITH_TIDE_REFERENCE,SECTOR_REFERENCE,False,False,NO_AUTOMATIC_TIDE,B,America/Punta_Arenas,PUB3015_PAGES_35_153_ADD_1H_2026,UTC-4,60.0,True,True,SUGGEST_ONLY_CONFIRM_SELECTION,-52.73388888888889,-71.39222222222223,5.0,185.0
CUR013,"Canal Jerónimo, boca Sur",CURRENT_WITH_TIDE_REFERENCE,SECTOR_REFERENCE,False,False,NO_AUTOMATIC_TIDE,A,America/Punta_Arenas,PUB3015_PAGES_35_153_ADD_1H_2026,UTC-4,60.0,True,True,SUGGEST_ONLY_CONFIRM_SELECTION,-53.505833333333335,-72.39888888888889,312.0,132.0
CUR014,"Paso Inglés, Estrecho de Magallanes",CURRENT_ONLY,NONE_FOUND,False,False,NO_AUTOMATIC_TIDE,A,America/Punta_Arenas,PUB3015_PAGES_35_153_ADD_1H_2026,UTC-4,60.0,True,True,SUGGEST_ONLY_CONFIRM_SELECTION,-53.58416666666667,-72.3175,128.0,306.0
CUR015,"Angostura Gabriel, canal Gabriel",CURRENT_ONLY,NONE_FOUND,False,False,NO_AUTOMATIC_TIDE,E,America/Punta_Arenas,PUB3015_PAGES_35_153_ADD_1H_2026,UTC-4,60.0,True,True,SUGGEST_ONLY_CONFIRM_SELECTION,-54.19833333333333,-70.68166666666667,125.0,305.0
CUR016,"Segunda Angostura, Estrecho de Magallanes",CURRENT_AND_FULL_TIDE,EXACT_SECONDARY,True,True,FULL_TIDE,A,America/Punta_Arenas,PUB3015_PAGES_35_153_ADD_1H_2026,UTC-4,60.0,True,True,SUGGEST_ONLY_CONFIRM_SELECTION,-52.745,-70.47638888888889,234.0,51.0
CUR017,"Primera Angostura, Estrecho de Magallanes",CURRENT_ONLY,NONE_FOUND,False,False,NO_AUTOMATIC_TIDE,A,America/Punta_Arenas,PUB3015_PAGES_35_153_ADD_1H_2026,UTC-4,60.0,True,True,SUGGEST_ONLY_CONFIRM_SELECTION,-52.495555555555555,-69.57583333333334,213.0,30.0
CUR018,"Bahía Posesión, Estrecho de Magallanes",CURRENT_AND_FULL_TIDE,EXACT_SECONDARY,True,True,FULL_TIDE,B,America/Punta_Arenas,PUB3015_PAGES_35_153_ADD_1H_2026,UTC-4,60.0,True,True,SUGGEST_ONLY_CONFIRM_SELECTION,-52.32833333333333,-69.09472222222222,287.0,108.0
CUR019,"Punta Wreck (Dungeness), Estrecho de Magallanes",CURRENT_AND_FULL_TIDE,EXACT_SECONDARY,True,True,FULL_TIDE,B,America/Punta_Arenas,PUB3015_PAGES_35_153_ADD_1H_2026,UTC-4,60.0,True,True,SUGGEST_ONLY_CONFIRM_SELECTION,-52.447222222222216,-68.625,301.0,112.0
CUR020,"Paso Mc Intyre, brazo noroeste del canal Beagle",CURRENT_WITH_TIDE_REFERENCE,SECTOR_REFERENCE,False,False,NO_AUTOMATIC_TIDE,B,America/Punta_Arenas,PUB3015_PAGES_35_153_ADD_1H_2026,UTC-4,60.0,True,True,SUGGEST_ONLY_CONFIRM_SELECTION,-54.963055555555556,-69.13472222222222,142.0,320.0
CUR021,"Paso Mackinlay, canal Beagle",CURRENT_WITH_TIDE_REFERENCE,SECTOR_REFERENCE,False,False,NO_AUTOMATIC_TIDE,F,America/Punta_Arenas,PUB3015_PAGES_35_153_ADD_1H_2026,UTC-4,60.0,True,True,SUGGEST_ONLY_CONFIRM_SELECTION,-54.924166666666665,-67.48333333333333,112.0,268.0
CUR022,"Angostura Murray, canal Murray",CURRENT_WITH_TIDE_REFERENCE,SECTOR_REFERENCE,False,False,NO_AUTOMATIC_TIDE,B,America/Punta_Arenas,PUB3015_PAGES_35_153_ADD_1H_2026,UTC-4,60.0,True,True,SUGGEST_ONLY_CONFIRM_SELECTION,-54.98527777777778,-68.345,,
