table,max_intensity_kn,threshold_kn,case,minutes
A,0.3,0.1,i,18
A,0.3,0.3,i,69
A,0.4,0.1,i,13
A,0.4,0.3,i,48
A,0.5,0.1,i,11
A,0.5,0.3,i,37
A,0.5,0.5,i,92
A,0.6,0.1,i,10
A,0.6,0.3,i,33
A,0.6,0.5,i,67
A,0.7,0.1,i,10
A,0.7,0.3,i,32
A,0.7,0.5,i,58
A,0.8,0.1,i,10
A,0.8,0.3,i,31
A,0.8,0.5,i,56
A,0.8,0.8,i,127
A,0.9,0.1,i,9
A,0.9,0.3,i,29
A,0.9,0.5,i,54
A,0.9,0.8,i,106
A,1.0,0.1,i,9
A,1.0,0.3,i,28
A,1.0,0.5,i,48
A,1.0,0.8,i,87
A,1.0,1.0,i,141
A,1.1,0.1,i,8
A,1.1,0.3,i,25
A,1.1,0.5,i,43
A,1.1,0.8,i,75
A,1.1,1.0,i,105
A,1.2,0.1,i,7
A,1.2,0.3,i,21
A,1.2,0.5,i,37
A,1.2,0.8,i,64
A,1.2,1.0,i,88
A,1.3,0.1,i,7
A,1.3,0.3,i,21
A,1.3,0.5,i,35
A,1.3,0.8,i,60
A,1.3,1.0,i,80
A,1.4,0.1,i,6
A,1.4,0.3,i,19
A,1.4,0.5,i,33
A,1.4,0.8,i,56
A,1.4,1.0,i,75
A,1.5,0.1,i,6
A,1.5,0.3,i,19
A,1.5,0.5,i,32
A,1.5,0.8,i,54
A,1.5,1.0,i,70
A,1.6,0.1,i,6
A,1.6,0.3,i,18
A,1.6,0.5,i,30
A,1.6,0.8,i,49
A,1.6,1.0,i,65
A,1.7,0.1,i,5
A,1.7,0.3,i,17
A,1.7,0.5,i,29
A,1.7,0.8,i,48
A,1.7,1.0,i,62
A,1.8,0.1,i,5
A,1.8,0.3,i,17
A,1.8,0.5,i,29
A,1.8,0.8,i,47
A,1.8,1.0,i,61
A,1.9,0.1,i,5
A,1.9,0.3,i,16
A,1.9,0.5,i,27
A,1.9,0.8,i,45
A,1.9,1.0,i,58
A,2.0,0.1,i,5
A,2.0,0.3,i,16
A,2.0,0.5,i,27
A,2.0,0.8,i,45
A,2.0,1.0,i,58
A,2.1,0.1,i,5
A,2.1,0.3,i,15
A,2.1,0.5,i,25
A,2.1,0.8,i,41
A,2.1,1.0,i,53
A,2.5,0.1,i,4
A,2.5,0.3,i,13
A,2.5,0.5,i,22
A,2.5,0.8,i,36
A,2.5,1.0,i,46
A,3.0,0.1,i,3
A,3.0,0.3,i,11
A,3.0,0.5,i,18
A,3.0,0.8,i,30
A,3.0,1.0,i,38
A,3.5,0.1,i,3
A,3.5,0.3,i,9
A,3.5,0.5,i,16
A,3.5,0.8,i,26
A,3.5,1.0,i,32
A,4.0,0.1,i,2
A,4.0,0.3,i,8
A,4.0,0.5,i,14
A,4.0,0.8,i,23
A,4.0,1.0,i,29
A,5.0,0.1,i,2
A,5.0,0.3,i,7
A,5.0,0.5,i,12
A,5.0,0.8,i,19
A,5.0,1.0,i,24
A,6.0,0.1,i,2
A,6.0,0.3,i,6
A,6.0,0.5,i,10
A,6.0,0.8,i,16
A,6.0,1.0,i,20
A,7.0,0.1,i,1
A,7.0,0.3,i,4
A,7.0,0.5,i,8
A,7.0,0.8,i,13
A,7.0,1.0,i,16
A,8.0,0.1,i,1
A,8.0,0.3,i,4
A,8.0,0.5,i,7
A,8.0,0.8,i,11
A,8.0,1.0,i,14
A,9.0,0.1,i,1
A,9.0,0.3,i,4
A,9.0,0.5,i,6
A,9.0,0.8,i,10
A,9.0,1.0,i,13
A,10.0,0.1,i,1
A,10.0,0.3,i,3
A,10.0,0.5,i,6
A,10.0,0.8,i,9
A,10.0,1.0,i,12
B,0.3,0.1,i,31
B,0.3,0.3,i,111
B,0.4,0.1,i,23
B,0.4,0.3,i,81
B,0.5,0.1,i,20
B,0.5,0.3,i,66
B,0.5,0.5,i,146
B,0.6,0.1,i,17
B,0.6,0.3,i,56
B,0.6,0.5,i,107
B,0.7,0.1,i,15
B,0.7,0.3,i,48
B,0.7,0.5,i,87
B,0.8,0.1,i,13
B,0.8,0.3,i,42
B,0.8,0.5,i,75
B,0.8,0.8,i,160
B,0.9,0.1,i,12
B,0.9,0.3,i,38
B,0.9,0.5,i,66
B,0.9,0.8,i,123
B,1.0,0.1,i,11
B,1.0,0.3,i,34
B,1.0,0.5,i,58
B,1.0,0.8,i,104
B,1.0,1.0,i,166
B,1.1,0.1,i,10
B,1.1,0.3,i,31
B,1.1,0.5,i,53
B,1.1,0.8,i,92
B,1.1,1.0,i,129
B,1.2,0.1,i,9
B,1.2,0.3,i,29
B,1.2,0.5,i,50
B,1.2,0.8,i,84
B,1.2,1.0,i,114
B,1.3,0.1,i,8
B,1.3,0.3,i,27
B,1.3,0.5,i,46
B,1.3,0.8,i,77
B,1.3,1.0,i,102
B,1.4,0.1,i,8
B,1.4,0.3,i,25
B,1.4,0.5,i,42
B,1.4,0.8,i,71
B,1.4,1.0,i,92
B,1.5,0.1,i,8
B,1.5,0.3,i,23
B,1.5,0.5,i,39
B,1.5,0.8,i,65
B,1.5,1.0,i,84
B,1.6,0.1,i,7
B,1.6,0.3,i,21
B,1.6,0.5,i,36
B,1.6,0.8,i,60
B,1.6,1.0,i,77
B,1.7,0.1,i,6
B,1.7,0.3,i,20
B,1.7,0.5,i,34
B,1.7,0.8,i,56
B,1.7,1.0,i,72
B,1.8,0.1,i,6
B,1.8,0.3,i,19
B,1.8,0.5,i,32
B,1.8,0.8,i,53
B,1.8,1.0,i,68
B,1.9,0.1,i,6
B,1.9,0.3,i,18
B,1.9,0.5,i,30
B,1.9,0.8,i,50
B,1.9,1.0,i,64
B,2.0,0.1,i,6
B,2.0,0.3,i,18
B,2.0,0.5,i,30
B,2.0,0.8,i,48
B,2.0,1.0,i,61
B,2.1,0.1,i,5
B,2.1,0.3,i,17
B,2.1,0.5,i,28
B,2.1,0.8,i,46
B,2.1,1.0,i,59
B,2.5,0.1,i,5
B,2.5,0.3,i,14
B,2.5,0.5,i,24
B,2.5,0.8,i,39
B,2.5,1.0,i,49
B,3.0,0.1,i,4
B,3.0,0.3,i,12
B,3.0,0.5,i,20
B,3.0,0.8,i,33
B,3.0,1.0,i,41
B,3.5,0.1,i,3
B,3.5,0.3,i,10
B,3.5,0.5,i,17
B,3.5,0.8,i,27
B,3.5,1.0,i,34
C,0.3,0.1,i,12
C,0.3,0.3,i,59
C,0.4,0.1,i,10
C,0.4,0.3,i,38
C,0.5,0.1,i,9
C,0.5,0.3,i,31
C,0.5,0.5,i,73
C,0.6,0.1,i,8
C,0.6,0.3,i,27
C,0.6,0.5,i,54
C,0.7,0.1,i,7
C,0.7,0.3,i,24
C,0.7,0.5,i,45
C,0.8,0.1,i,6
C,0.8,0.3,i,22
C,0.8,0.3,ii,92
C,0.8,0.5,i,40
C,0.8,0.5,ii,123
C,0.8,0.8,i,95
C,0.8,0.8,ii,174
C,0.9,0.1,i,6
C,0.9,0.3,i,20
C,0.9,0.3,ii,91
C,0.9,0.5,i,36
C,0.9,0.5,ii,121
C,0.9,0.8,i,72
C,0.9,0.8,ii,168
C,1.0,0.1,i,6
C,1.0,0.3,i,19
C,1.0,0.3,ii,89
C,1.0,0.5,i,34
C,1.0,0.5,ii,120
C,1.0,0.8,i,63
C,1.0,0.8,ii,162
C,1.0,1.0,i,105
C,1.0,1.0,ii,180
C,1.1,0.1,i,5
C,1.1,0.3,i,18
C,1.1,0.3,ii,88
C,1.1,0.5,i,31
C,1.1,0.5,ii,118
C,1.1,0.5,iii,62
C,1.1,0.8,i,56
C,1.1,0.8,ii,157
C,1.1,0.8,iii,110
C,1.1,1.0,i,82
C,1.1,1.0,ii,176
C,1.1,1.0,iii,157
C,1.2,0.1,i,5
C,1.2,0.3,i,17
C,1.2,0.3,ii,87
C,1.2,0.5,i,29
C,1.2,0.5,ii,116
C,1.2,0.5,iii,60
C,1.2,0.8,i,51
C,1.2,0.8,ii,153
C,1.2,0.8,iii,108
C,1.2,1.0,i,71
C,1.2,1.0,ii,172
C,1.2,1.0,iii,149
C,1.3,0.1,i,5
C,1.3,0.3,i,16
C,1.3,0.3,ii,85
C,1.3,0.5,i,28
C,1.3,0.5,ii,114
C,1.3,0.5,iii,59
C,1.3,0.8,i,49
C,1.3,0.8,ii,140
C,1.3,0.8,iii,106
C,1.3,1.0,i,66
C,1.3,1.0,ii,165
C,1.3,1.0,iii,141
C,1.4,0.1,i,5
C,1.4,0.3,i,15
C,1.4,0.3,ii,84
C,1.4,0.5,i,27
C,1.4,0.5,ii,112
C,1.4,0.5,iii,58
C,1.4,0.8,i,46
C,1.4,0.8,ii,138
C,1.4,0.8,iii,105
C,1.4,1.0,i,62
C,1.4,1.0,ii,162
C,1.4,1.0,iii,135
C,1.5,0.1,i,5
C,1.5,0.3,i,15
C,1.5,0.3,ii,83
C,1.5,0.5,i,26
C,1.5,0.5,ii,111
C,1.5,0.5,iii,57
C,1.5,0.8,i,45
C,1.5,0.8,ii,136
C,1.5,0.8,iii,104
C,1.5,1.0,i,59
C,1.5,1.0,ii,159
C,1.5,1.0,iii,130
C,1.6,0.1,i,4
C,1.6,0.3,i,15
C,1.6,0.3,ii,81
C,1.6,0.5,i,25
C,1.6,0.5,ii,109
C,1.6,0.5,iii,57
C,1.6,0.8,i,43
C,1.6,0.8,ii,134
C,1.6,0.8,iii,102
C,1.6,1.0,i,56
C,1.6,1.0,ii,156
C,1.6,1.0,iii,125
C,1.7,0.1,i,4
C,1.7,0.3,i,14
C,1.7,0.3,ii,80
C,1.7,0.5,i,24
C,1.7,0.5,ii,107
C,1.7,0.5,iii,56
C,1.7,0.8,i,41
C,1.7,0.8,ii,132
C,1.7,0.8,iii,100
C,1.7,1.0,i,53
C,1.7,1.0,ii,152
C,1.7,1.0,iii,123
C,1.8,0.1,i,4
C,1.8,0.3,i,14
C,1.8,0.3,ii,79
C,1.8,0.5,i,24
C,1.8,0.5,ii,106
C,1.8,0.5,iii,55
C,1.8,0.8,i,40
C,1.8,0.8,ii,130
C,1.8,0.8,iii,99
C,1.8,1.0,i,52
C,1.8,1.0,ii,149
C,1.8,1.0,iii,121
C,1.9,0.1,i,4
C,1.9,0.3,i,13
C,1.9,0.3,ii,78
C,1.9,0.5,i,23
C,1.9,0.5,ii,105
C,1.9,0.5,iii,54
C,1.9,0.8,i,39
C,1.9,0.8,ii,128
C,1.9,0.8,iii,97
C,1.9,1.0,i,50
C,1.9,1.0,ii,146
C,1.9,1.0,iii,119
C,2.0,0.1,i,4
C,2.0,0.3,i,13
C,2.0,0.3,ii,77
C,2.0,0.5,i,22
C,2.0,0.5,ii,103
C,2.0,0.5,iii,54
C,2.0,0.8,i,38
C,2.0,0.8,ii,126
C,2.0,0.8,iii,96
C,2.0,1.0,i,48
C,2.0,1.0,ii,144
C,2.0,1.0,iii,117
C,2.1,0.1,i,4
C,2.1,0.3,i,13
C,2.1,0.3,ii,75
C,2.1,0.5,i,22
C,2.1,0.5,ii,100
C,2.1,0.5,iii,53
C,2.1,0.8,i,36
C,2.1,0.8,ii,125
C,2.1,0.8,iii,94
C,2.1,1.0,i,47
C,2.1,1.0,ii,140
C,2.1,1.0,iii,115
C,2.5,0.1,i,4
C,2.5,0.3,i,12
C,2.5,0.3,ii,68
C,2.5,0.5,i,21
C,2.5,0.5,ii,98
C,2.5,0.5,iii,53
C,2.5,0.8,i,34
C,2.5,0.8,ii,118
C,2.5,0.8,iii,93
C,2.5,1.0,i,43
C,2.5,1.0,ii,135
C,2.5,1.0,iii,113
C,3.0,0.1,i,3
C,3.0,0.3,i,11
C,3.0,0.3,ii,66
C,3.0,0.5,i,18
C,3.0,0.5,ii,96
C,3.0,0.5,iii,50
C,3.0,0.8,i,29
C,3.0,0.8,ii,115
C,3.0,0.8,iii,89
C,3.0,1.0,i,37
C,3.0,1.0,ii,132
C,3.0,1.0,iii,106
C,3.5,0.1,i,3
C,3.5,0.3,i,10
C,3.5,0.3,ii,65
C,3.5,0.5,i,16
C,3.5,0.5,ii,95
C,3.5,0.5,iii,46
C,3.5,0.8,i,27
C,3.5,0.8,ii,114
C,3.5,0.8,iii,84
C,3.5,1.0,i,34
C,3.5,1.0,ii,130
C,3.5,1.0,iii,98
C,4.0,0.1,i,3
C,4.0,0.3,i,9
C,4.0,0.3,ii,63
C,4.0,0.5,i,15
C,4.0,0.5,ii,94
C,4.0,0.5,iii,43
C,4.0,0.8,i,25
C,4.0,0.8,ii,113
C,4.0,0.8,iii,79
C,4.0,1.0,i,31
C,4.0,1.0,ii,128
C,4.0,1.0,iii,94
C,4.5,0.1,i,3
C,4.5,0.3,i,9
C,4.5,0.3,ii,61
C,4.5,0.5,i,15
C,4.5,0.5,ii,92
C,4.5,0.5,iii,40
C,4.5,0.8,i,24
C,4.5,0.8,ii,110
C,4.5,0.8,iii,75
C,4.5,1.0,i,30
C,4.5,1.0,ii,125
C,4.5,1.0,iii,90
C,5.0,0.1,i,3
C,5.0,0.3,i,9
C,5.0,0.5,i,15
C,5.0,0.8,i,23
C,5.0,1.0,i,29
C,5.5,0.1,i,2
C,5.5,0.3,i,8
C,5.5,0.5,i,14
C,5.5,0.8,i,22
C,5.5,1.0,i,28
C,6.0,0.1,i,2
C,6.0,0.3,i,8
C,6.0,0.5,i,13
C,6.0,0.8,i,21
C,6.0,1.0,i,26
C,6.5,0.1,i,2
C,6.5,0.3,i,7
C,6.5,0.5,i,12
C,6.5,0.8,i,19
C,6.5,1.0,i,24
C,7.0,0.1,i,2
C,7.0,0.3,i,7
C,7.0,0.5,i,12
C,7.0,0.8,i,19
C,7.0,1.0,i,24
C,7.5,0.1,i,2
C,7.5,0.3,i,7
C,7.5,0.5,i,12
C,7.5,0.8,i,19
C,7.5,1.0,i,23
D,0.4,0.1,i,10
D,0.4,0.3,i,36
D,0.5,0.1,i,10
D,0.5,0.3,i,35
D,0.5,0.5,i,81
D,0.6,0.1,i,8
D,0.6,0.3,i,28
D,0.6,0.5,i,58
D,0.7,0.1,i,7
D,0.7,0.3,i,25
D,0.7,0.5,i,47
D,0.8,0.1,i,7
D,0.8,0.3,i,23
D,0.8,0.5,i,41
D,0.8,0.8,i,96
D,0.9,0.1,i,6
D,0.9,0.3,i,20
D,0.9,0.5,i,37
D,0.9,0.8,i,76
D,1.0,0.1,i,6
D,1.0,0.3,i,19
D,1.0,0.5,i,34
D,1.0,0.8,i,64
D,1.0,1.0,i,107
D,1.1,0.1,i,5
D,1.1,0.3,i,18
D,1.1,0.5,i,32
D,1.1,0.8,i,58
D,1.1,1.0,i,85
D,1.2,0.1,i,5
D,1.2,0.3,i,17
D,1.2,0.5,i,30
D,1.2,0.8,i,53
D,1.2,1.0,i,75
D,1.3,0.1,i,5
D,1.3,0.3,i,16
D,1.3,0.5,i,28
D,1.3,0.8,i,50
D,1.3,1.0,i,68
D,1.4,0.1,i,5
D,1.4,0.3,i,16
D,1.4,0.5,i,28
D,1.4,0.8,i,48
D,1.4,1.0,i,64
D,1.5,0.1,i,5
D,1.5,0.3,i,15
D,1.5,0.5,i,26
D,1.5,0.8,i,45
D,1.5,1.0,i,59
D,1.6,0.1,i,5
D,1.6,0.3,i,15
D,1.6,0.5,i,26
D,1.6,0.8,i,44
D,1.6,1.0,i,57
D,1.7,0.1,i,4
D,1.7,0.3,i,14
D,1.7,0.5,i,24
D,1.7,0.8,i,40
D,1.7,1.0,i,53
D,1.8,0.1,i,4
D,1.8,0.3,i,13
D,1.8,0.5,i,23
D,1.8,0.8,i,38
D,1.8,1.0,i,48
D,1.9,0.1,i,4
D,1.9,0.3,i,13
D,1.9,0.5,i,22
D,1.9,0.8,i,37
D,1.9,1.0,i,48
D,2.0,0.1,i,4
D,2.0,0.3,i,12
D,2.0,0.5,i,21
D,2.0,0.8,i,35
D,2.0,1.0,i,45
D,2.1,0.1,i,4
D,2.1,0.3,i,12
D,2.1,0.5,i,21
D,2.1,0.8,i,34
D,2.1,1.0,i,44
D,2.2,0.1,i,3
D,2.2,0.3,i,11
D,2.2,0.5,i,20
D,2.2,0.8,i,33
D,2.2,1.0,i,42
D,2.3,0.1,i,3
D,2.3,0.3,i,11
D,2.3,0.5,i,18
D,2.3,0.8,i,30
D,2.3,1.0,i,39
D,2.4,0.1,i,3
D,2.4,0.3,i,10
D,2.4,0.5,i,18
D,2.4,0.8,i,30
D,2.4,1.0,i,38
D,2.5,0.1,i,3
D,2.5,0.3,i,10
D,2.5,0.5,i,17
D,2.5,0.8,i,29
D,2.5,1.0,i,37
D,2.6,0.1,i,3
D,2.6,0.3,i,10
D,2.6,0.5,i,17
D,2.6,0.8,i,27
D,2.6,1.0,i,35
D,2.7,0.1,i,3
D,2.7,0.3,i,10
D,2.7,0.5,i,16
D,2.7,0.8,i,27
D,2.7,1.0,i,34
D,2.8,0.1,i,3
D,2.8,0.3,i,10
D,2.8,0.5,i,16
D,2.8,0.8,i,27
D,2.8,1.0,i,34
D,2.9,0.1,i,3
D,2.9,0.3,i,9
D,2.9,0.5,i,15
D,2.9,0.8,i,25
D,2.9,1.0,i,32
D,3.0,0.1,i,3
D,3.0,0.3,i,9
D,3.0,0.5,i,15
D,3.0,0.8,i,25
D,3.0,1.0,i,32
D,3.5,0.1,i,3
D,3.5,0.3,i,9
D,3.5,0.5,i,15
D,3.5,0.8,i,24
D,3.5,1.0,i,30
D,4.0,0.1,i,2
D,4.0,0.3,i,8
D,4.0,0.5,i,13
D,4.0,0.8,i,22
D,4.0,1.0,i,27
D,4.5,0.1,i,2
D,4.5,0.3,i,8
D,4.5,0.5,i,13
D,4.5,0.8,i,21
D,4.5,1.0,i,26
D,5.0,0.1,i,2
D,5.0,0.3,i,7
D,5.0,0.5,i,12
D,5.0,0.8,i,19
D,5.0,1.0,i,24
D,5.5,0.1,i,2
D,5.5,0.3,i,7
D,5.5,0.5,i,11
D,5.5,0.8,i,18
D,5.5,1.0,i,22
D,6.0,0.1,i,2
D,6.0,0.3,i,6
D,6.0,0.5,i,10
D,6.0,0.8,i,16
D,6.0,1.0,i,21
D,6.5,0.1,i,1
D,6.5,0.3,i,6
D,6.5,0.5,i,10
D,6.5,0.8,i,16
D,6.5,1.0,i,20
D,7.0,0.1,i,1
D,7.0,0.3,i,6
D,7.0,0.5,i,9
D,7.0,0.8,i,15
D,7.0,1.0,i,19
D,7.5,0.1,i,1
D,7.5,0.3,i,5
D,7.5,0.5,i,9
D,7.5,0.8,i,15
D,7.5,1.0,i,18
E,0.3,0.1,i,6
E,0.3,0.3,i,26
E,0.3,0.3,ii,57
E,0.4,0.1,i,6
E,0.4,0.3,i,17
E,0.4,0.3,ii,48
E,0.5,0.1,i,6
E,0.5,0.3,i,14
E,0.5,0.3,ii,45
E,0.5,0.5,i,34
E,0.5,0.5,ii,64
E,0.6,0.1,i,5
E,0.6,0.3,i,13
E,0.6,0.3,ii,44
E,0.6,0.5,i,23
E,0.6,0.5,ii,62
E,0.7,0.1,i,5
E,0.7,0.3,i,13
E,0.7,0.3,ii,38
E,0.7,0.5,i,21
E,0.7,0.5,ii,53
E,0.8,0.1,i,5
E,0.8,0.3,i,13
E,0.8,0.3,ii,38
E,0.8,0.5,i,20
E,0.8,0.5,ii,51
E,0.8,0.5,iii,27
E,0.8,0.8,i,44
E,0.8,0.8,ii,84
E,0.8,0.8,iii,66
E,0.9,0.1,i,5
E,0.9,0.3,i,13
E,0.9,0.3,ii,37
E,0.9,0.5,i,20
E,0.9,0.5,ii,49
E,0.9,0.5,iii,26
E,0.9,0.8,i,37
E,0.9,0.8,ii,70
E,0.9,0.8,iii,53
E,1.0,0.1,i,4
E,1.0,0.3,i,13
E,1.0,0.3,ii,36
E,1.0,0.5,i,19
E,1.0,0.5,ii,46
E,1.0,0.5,iii,26
E,1.0,0.8,i,36
E,1.0,0.8,ii,64
E,1.0,0.8,iii,51
E,1.0,1.0,i,53
E,1.0,1.0,ii,88
E,1.0,1.0,iii,67
E,1.1,0.1,i,4
E,1.1,0.3,i,12
E,1.1,0.3,ii,36
E,1.1,0.5,i,19
E,1.1,0.5,ii,45
E,1.1,0.5,iii,26
E,1.1,0.8,i,35
E,1.1,0.8,ii,63
E,1.1,0.8,iii,45
E,1.1,1.0,i,47
E,1.1,1.0,ii,78
E,1.1,1.0,iii,61
E,1.2,0.1,i,4
E,1.2,0.3,i,12
E,1.2,0.3,ii,35
E,1.2,0.5,i,19
E,1.2,0.5,ii,45
E,1.2,0.5,iii,24
E,1.2,0.8,i,34
E,1.2,0.8,ii,60
E,1.2,0.8,iii,44
E,1.2,1.0,i,46
E,1.2,1.0,ii,70
E,1.2,1.0,iii,53
E,1.3,0.1,i,4
E,1.3,0.3,i,12
E,1.3,0.3,ii,35
E,1.3,0.5,i,19
E,1.3,0.5,ii,44
E,1.3,0.5,iii,22
E,1.3,0.8,i,33
E,1.3,0.8,ii,58
E,1.3,0.8,iii,43
E,1.3,1.0,i,45
E,1.3,1.0,ii,68
E,1.3,1.0,iii,45
E,1.4,0.1,i,4
E,1.4,0.3,i,12
E,1.4,0.3,ii,32
E,1.4,0.5,i,19
E,1.4,0.5,ii,40
E,1.4,0.5,iii,22
E,1.4,0.8,i,33
E,1.4,0.8,ii,52
E,1.4,0.8,iii,37
E,1.4,1.0,i,44
E,1.4,1.0,ii,62
E,1.4,1.0,iii,43
E,1.5,0.1,i,3
E,1.5,0.3,i,11
E,1.5,0.3,ii,29
E,1.5,0.5,i,18
E,1.5,0.5,ii,39
E,1.5,0.5,iii,20
E,1.5,0.8,i,33
E,1.5,0.8,ii,51
E,1.5,0.8,iii,35
E,1.5,1.0,i,44
E,1.5,1.0,ii,60
E,1.5,1.0,iii,42
E,1.6,0.1,i,3
E,1.6,0.3,i,11
E,1.6,0.3,ii,28
E,1.6,0.5,i,18
E,1.6,0.5,ii,38
E,1.6,0.5,iii,19
E,1.6,0.8,i,32
E,1.6,0.8,ii,51
E,1.6,0.8,iii,33
E,1.6,1.0,i,43
E,1.6,1.0,ii,60
E,1.6,1.0,iii,41
E,1.7,0.1,i,3
E,1.7,0.3,i,11
E,1.7,0.3,ii,28
E,1.7,0.5,i,17
E,1.7,0.5,ii,38
E,1.7,0.5,iii,18
E,1.7,0.8,i,32
E,1.7,0.8,ii,50
E,1.7,0.8,iii,32
E,1.7,1.0,i,41
E,1.7,1.0,ii,58
E,1.7,1.0,iii,40
E,1.8,0.1,i,3
E,1.8,0.3,i,10
E,1.8,0.3,ii,22
E,1.8,0.5,i,16
E,1.8,0.5,ii,34
E,1.8,0.5,iii,18
E,1.8,0.8,i,31
E,1.8,0.8,ii,47
E,1.8,0.8,iii,31
E,1.8,1.0,i,39
E,1.8,1.0,ii,55
E,1.8,1.0,iii,38
E,1.9,0.1,i,3
E,1.9,0.3,i,10
E,1.9,0.3,ii,22
E,1.9,0.5,i,16
E,1.9,0.5,ii,33
E,1.9,0.5,iii,17
E,1.9,0.8,i,30
E,1.9,0.8,ii,45
E,1.9,0.8,iii,30
E,1.9,1.0,i,38
E,1.9,1.0,ii,55
E,1.9,1.0,iii,38
E,2.0,0.1,i,2
E,2.0,0.3,i,10
E,2.0,0.3,ii,20
E,2.0,0.5,i,16
E,2.0,0.5,ii,32
E,2.0,0.5,iii,17
E,2.0,0.8,i,30
E,2.0,0.8,ii,45
E,2.0,0.8,iii,29
E,2.0,1.0,i,37
E,2.0,1.0,ii,53
E,2.0,1.0,iii,37
E,2.1,0.1,i,2
E,2.1,0.3,i,10
E,2.1,0.3,ii,20
E,2.1,0.5,i,15
E,2.1,0.5,ii,32
E,2.1,0.5,iii,16
E,2.1,0.8,i,26
E,2.1,0.8,ii,44
E,2.1,0.8,iii,28
E,2.1,1.0,i,33
E,2.1,1.0,ii,52
E,2.1,1.0,iii,36
E,2.5,0.1,i,2
E,2.5,0.3,i,9
E,2.5,0.3,ii,20
E,2.5,0.5,i,14
E,2.5,0.5,ii,32
E,2.5,0.5,iii,16
E,2.5,0.8,i,23
E,2.5,0.8,ii,44
E,2.5,0.8,iii,28
E,2.5,1.0,i,28
E,2.5,1.0,ii,50
E,2.5,1.0,iii,35
E,3.0,0.1,i,2
E,3.0,0.3,i,6
E,3.0,0.3,ii,20
E,3.0,0.5,i,13
E,3.0,0.5,ii,31
E,3.0,0.5,iii,16
E,3.0,0.8,i,20
E,3.0,0.8,ii,40
E,3.0,0.8,iii,27
E,3.0,1.0,i,25
E,3.0,1.0,ii,45
E,3.0,1.0,iii,34
E,3.5,0.1,i,2
E,3.5,0.3,i,5
E,3.5,0.3,ii,19
E,3.5,0.5,i,12
E,3.5,0.5,ii,30
E,3.5,0.5,iii,15
E,3.5,0.8,i,18
E,3.5,0.8,ii,40
E,3.5,0.8,iii,26
E,3.5,1.0,i,24
E,3.5,1.0,ii,45
E,3.5,1.0,iii,30
E,4.0,0.1,i,2
E,4.0,0.3,i,5
E,4.0,0.3,ii,18
E,4.0,0.5,i,11
E,4.0,0.5,ii,29
E,4.0,0.5,iii,15
E,4.0,0.8,i,18
E,4.0,0.8,ii,39
E,4.0,0.8,iii,25
E,4.0,1.0,i,23
E,4.0,1.0,ii,44
E,4.0,1.0,iii,28
E,4.5,0.1,i,2
E,4.5,0.3,i,5
E,4.5,0.5,i,11
E,4.5,0.8,i,17
E,4.5,1.0,i,22
E,5.0,0.1,i,1
E,5.0,0.3,i,5
E,5.0,0.5,i,10
E,5.0,0.8,i,17
E,5.0,1.0,i,21
E,5.5,0.1,i,1
E,5.5,0.3,i,4
E,5.5,0.5,i,10
E,5.5,0.8,i,16
E,5.5,1.0,i,20
F,0.3,0.1,i,20
F,0.3,0.3,i,84
F,0.3,0.3,ii,191
F,0.4,0.1,i,16
F,0.4,0.3,i,54
F,0.4,0.3,ii,183
F,0.5,0.1,i,16
F,0.5,0.3,i,47
F,0.5,0.3,ii,180
F,0.5,0.5,i,115
F,0.5,0.5,ii,294
F,0.6,0.1,i,13
F,0.6,0.3,i,40
F,0.6,0.3,ii,130
F,0.6,0.5,i,78
F,0.6,0.5,ii,203
F,0.7,0.1,i,13
F,0.7,0.3,i,39
F,0.7,0.3,ii,128
F,0.7,0.5,i,72
F,0.7,0.5,ii,203
F,0.8,0.1,i,12
F,0.8,0.3,i,36
F,0.8,0.3,ii,126
F,0.8,0.5,i,64
F,0.8,0.5,ii,181
F,0.8,0.8,i,140
F,0.8,0.8,ii,299
F,0.9,0.1,i,11
F,0.9,0.3,i,30
F,0.9,0.3,ii,118
F,0.9,0.5,i,54
F,0.9,0.5,ii,165
F,0.9,0.8,i,107
F,0.9,0.8,ii,251
F,1.0,0.1,i,10
F,1.0,0.3,i,30
F,1.0,0.3,ii,117
F,1.0,0.5,i,52
F,1.0,0.5,ii,160
F,1.0,0.8,i,95
F,1.0,0.8,ii,229
F,1.0,1.0,i,157
F,1.0,1.0,ii,309
F,1.1,0.1,i,10
F,1.1,0.3,i,28
F,1.1,0.3,ii,117
F,1.1,0.5,i,49
F,1.1,0.5,ii,158
F,1.1,0.8,i,86
F,1.1,0.8,ii,223
F,1.1,1.0,i,122
F,1.1,1.0,ii,265
F,1.2,0.1,i,9
F,1.2,0.3,i,25
F,1.2,0.3,ii,116
F,1.2,0.5,i,45
F,1.2,0.5,ii,157
F,1.2,0.8,i,75
F,1.2,0.8,ii,222
F,1.2,1.0,i,104
F,1.2,1.0,ii,260
F,1.3,0.1,i,9
F,1.3,0.3,i,24
F,1.3,0.3,ii,115
F,1.3,0.5,i,43
F,1.3,0.5,ii,156
F,1.3,0.8,i,69
F,1.3,0.8,ii,208
F,1.3,1.0,i,94
F,1.3,1.0,ii,245
F,1.4,0.1,i,9
F,1.4,0.3,i,24
F,1.4,0.3,ii,114
F,1.4,0.5,i,43
F,1.4,0.5,ii,155
F,1.4,0.8,i,68
F,1.4,0.8,ii,206
F,1.4,1.0,i,93
F,1.4,1.0,ii,240
F,1.5,0.1,i,8
F,1.5,0.3,i,23
F,1.5,0.3,ii,113
F,1.5,0.5,i,42
F,1.5,0.5,ii,152
F,1.5,0.8,i,65
F,1.5,0.8,ii,199
F,1.5,1.0,i,90
F,1.5,1.0,ii,231
F,1.6,0.1,i,8
F,1.6,0.3,i,23
F,1.6,0.3,ii,112
F,1.6,0.5,i,42
F,1.6,0.5,ii,148
F,1.6,0.8,i,65
F,1.6,0.8,ii,192
F,1.6,1.0,i,88
F,1.6,1.0,ii,220
F,1.7,0.1,i,8
F,1.7,0.3,i,23
F,1.7,0.3,ii,110
F,1.7,0.5,i,41
F,1.7,0.5,ii,147
F,1.7,0.8,i,65
F,1.7,0.8,ii,190
F,1.7,1.0,i,86
F,1.7,1.0,ii,218
F,1.8,0.1,i,8
F,1.8,0.3,i,22
F,1.8,0.3,ii,110
F,1.8,0.5,i,41
F,1.8,0.5,ii,146
F,1.8,0.8,i,62
F,1.8,0.8,ii,185
F,1.8,1.0,i,85
F,1.8,1.0,ii,210
F,1.9,0.1,i,7
F,1.9,0.3,i,22
F,1.9,0.3,ii,110
F,1.9,0.5,i,40
F,1.9,0.5,ii,146
F,1.9,0.8,i,60
F,1.9,0.8,ii,180
F,1.9,1.0,i,83
F,1.9,1.0,ii,208
F,2.0,0.1,i,7
F,2.0,0.3,i,21
F,2.0,0.3,ii,109
F,2.0,0.5,i,40
F,2.0,0.5,ii,145
F,2.0,0.8,i,58
F,2.0,0.8,ii,179
F,2.0,1.0,i,80
F,2.0,1.0,ii,207
F,2.1,0.1,i,7
F,2.1,0.3,i,20
F,2.1,0.3,ii,108
F,2.1,0.5,i,38
F,2.1,0.5,ii,144
F,2.1,0.8,i,55
F,2.1,0.8,ii,178
F,2.1,1.0,i,75
F,2.1,1.0,ii,200
F,2.5,0.1,i,6
F,2.5,0.3,i,19
F,2.5,0.3,ii,107
F,2.5,0.5,i,32
F,2.5,0.5,ii,142
F,2.5,0.8,i,51
F,2.5,0.8,ii,177
F,2.5,1.0,i,64
F,2.5,1.0,ii,198
F,3.0,0.1,i,6
F,3.0,0.3,i,17
F,3.0,0.3,ii,106
F,3.0,0.5,i,28
F,3.0,0.5,ii,140
F,3.0,0.8,i,45
F,3.0,0.8,ii,175
F,3.0,1.0,i,56
F,3.0,1.0,ii,195
F,3.5,0.1,i,6
F,3.5,0.3,i,17
F,3.5,0.5,i,28
F,3.5,0.8,i,45
F,3.5,1.0,i,55
F,4.0,0.1,i,6
F,4.0,0.3,i,16
F,4.0,0.5,i,28
F,4.0,0.8,i,44
F,4.0,1.0,i,53
F,4.5,0.1,i,6
F,4.5,0.3,i,15
F,4.5,0.5,i,27
F,4.5,0.8,i,43
F,4.5,1.0,i,53
F,5.0,0.1,i,5
F,5.0,0.3,i,14
F,5.0,0.5,i,26
F,5.0,0.8,i,42
F,5.0,1.0,i,52
G,0.3,0.1,i,13
G,0.3,0.3,i,64
G,0.4,0.1,i,11
G,0.4,0.3,i,43
G,0.5,0.1,i,10
G,0.5,0.3,i,45
G,0.5,0.5,i,84
G,0.6,0.1,i,9
G,0.6,0.3,i,31
G,0.6,0.5,i,62
G,0.7,0.1,i,8
G,0.7,0.3,i,28
G,0.7,0.5,i,53
G,0.8,0.1,i,8
G,0.8,0.3,i,26
G,0.8,0.5,i,47
G,0.8,0.8,i,107
G,0.9,0.1,i,7
G,0.9,0.3,i,24
G,0.9,0.5,i,43
G,0.9,0.8,i,83
G,1.0,0.1,i,7
G,1.0,0.3,i,22
G,1.0,0.5,i,39
G,1.0,0.8,i,73
G,1.0,1.0,i,119
G,1.1,0.1,i,6
G,1.1,0.3,i,21
G,1.1,0.5,i,37
G,1.1,0.8,i,66
G,1.1,1.0,i,94
G,1.2,0.1,i,6
G,1.2,0.3,i,20
G,1.2,0.5,i,35
G,1.2,0.8,i,61
G,1.2,1.0,i,84
G,1.2,1.2,i,128
G,1.3,0.1,i,6
G,1.3,0.3,i,19
G,1.3,0.5,i,33
G,1.3,0.8,i,57
G,1.3,1.0,i,77
G,1.3,1.2,i,105
G,1.4,0.1,i,6
G,1.4,0.3,i,18
G,1.4,0.5,i,32
G,1.4,0.8,i,54
G,1.4,1.0,i,71
G,1.4,1.2,i,94
G,1.5,0.1,i,6
G,1.5,0.3,i,18
G,1.5,0.5,i,31
G,1.5,0.8,i,53
G,1.5,1.0,i,67
G,1.5,1.2,i,86
G,1.5,1.5,i,140
G,1.6,0.1,i,6
G,1.6,0.3,i,17
G,1.6,0.5,i,30
G,1.6,0.8,i,53
G,1.6,1.0,i,64
G,1.6,1.2,i,81
G,1.6,1.5,i,118
G,1.7,0.1,i,6
G,1.7,0.3,i,17
G,1.7,0.5,i,30
G,1.7,0.8,i,52
G,1.7,1.0,i,61
G,1.7,1.2,i,77
G,1.7,1.5,i,107
G,1.8,0.1,i,6
G,1.8,0.3,i,17
G,1.8,0.5,i,30
G,1.8,0.8,i,52
G,1.8,1.0,i,60
G,1.8,1.2,i,75
G,1.8,1.5,i,99
G,1.9,0.1,i,6
G,1.9,0.3,i,17
G,1.9,0.5,i,29
G,1.9,0.8,i,51
G,1.9,1.0,i,60
G,1.9,1.2,i,74
G,1.9,1.5,i,94
G,2.0,0.1,i,6
G,2.0,0.3,i,16
G,2.0,0.3,ii,95
G,2.0,0.3,iii,30
G,2.0,0.5,i,29
G,2.0,0.5,ii,121
G,2.0,0.5,iii,59
G,2.0,0.8,i,51
G,2.0,0.8,ii,149
G,2.0,0.8,iii,95
G,2.0,1.0,i,59
G,2.0,1.0,ii,168
G,2.0,1.0,iii,120
G,2.0,1.2,i,73
G,2.0,1.2,ii,187
G,2.0,1.2,iii,148
G,2.0,1.5,i,93
G,2.0,1.5,ii,220
G,2.0,1.5,iii,192
G,2.1,0.1,i,6
G,2.1,0.3,i,16
G,2.1,0.3,ii,90
G,2.1,0.3,iii,29
G,2.1,0.5,i,29
G,2.1,0.5,ii,110
G,2.1,0.5,iii,58
G,2.1,0.8,i,51
G,2.1,0.8,ii,135
G,2.1,0.8,iii,94
G,2.1,1.0,i,59
G,2.1,1.0,ii,159
G,2.1,1.0,iii,118
G,2.1,1.2,i,72
G,2.1,1.2,ii,178
G,2.1,1.2,iii,145
G,2.1,1.5,i,93
G,2.1,1.5,ii,207
G,2.1,1.5,iii,188
G,2.2,0.1,i,5
G,2.2,0.3,i,16
G,2.2,0.3,ii,87
G,2.2,0.3,iii,28
G,2.2,0.5,i,28
G,2.2,0.5,ii,109
G,2.2,0.5,iii,57
G,2.2,0.8,i,51
G,2.2,0.8,ii,134
G,2.2,0.8,iii,93
G,2.2,1.0,i,59
G,2.2,1.0,ii,157
G,2.2,1.0,iii,112
G,2.2,1.2,i,72
G,2.2,1.2,ii,176
G,2.2,1.2,iii,143
G,2.2,1.5,i,92
G,2.2,1.5,ii,205
G,2.2,1.5,iii,181
G,2.3,0.1,i,5
G,2.3,0.3,i,16
G,2.3,0.3,ii,85
G,2.3,0.3,iii,26
G,2.3,0.5,i,28
G,2.3,0.5,ii,107
G,2.3,0.5,iii,56
G,2.3,0.8,i,50
G,2.3,0.8,ii,133
G,2.3,0.8,iii,92
G,2.3,1.0,i,58
G,2.3,1.0,ii,154
G,2.3,1.0,iii,111
G,2.3,1.2,i,71
G,2.3,1.2,ii,173
G,2.3,1.2,iii,138
G,2.3,1.5,i,92
G,2.3,1.5,ii,208
G,2.3,1.5,iii,170
G,2.4,0.1,i,5
G,2.4,0.3,i,15
G,2.4,0.3,ii,83
G,2.4,0.3,iii,25
G,2.4,0.5,i,28
G,2.4,0.5,ii,104
G,2.4,0.5,iii,52
G,2.4,0.8,i,50
G,2.4,0.8,ii,133
G,2.4,0.8,iii,89
G,2.4,1.0,i,58
G,2.4,1.0,ii,152
G,2.4,1.0,iii,110
G,2.4,1.2,i,71
G,2.4,1.2,ii,170
G,2.4,1.2,iii,135
G,2.4,1.5,i,91
G,2.4,1.5,ii,197
G,2.4,1.5,iii,169
G,2.5,0.1,i,5
G,2.5,0.3,i,15
G,2.5,0.3,ii,82
G,2.5,0.3,iii,25
G,2.5,0.5,i,27
G,2.5,0.5,ii,103
G,2.5,0.5,iii,51
G,2.5,0.8,i,50
G,2.5,0.8,ii,132
G,2.5,0.8,iii,89
G,2.5,1.0,i,58
G,2.5,1.0,ii,150
G,2.5,1.0,iii,109
G,2.5,1.2,i,70
G,2.5,1.2,ii,168
G,2.5,1.2,iii,133
G,2.5,1.5,i,91
G,2.5,1.5,ii,196
G,2.5,1.5,iii,167
G,2.6,0.1,i,5
G,2.6,0.3,i,15
G,2.6,0.3,ii,81
G,2.6,0.3,iii,25
G,2.6,0.5,i,27
G,2.6,0.5,ii,102
G,2.6,0.5,iii,51
G,2.6,0.8,i,50
G,2.6,0.8,ii,131
G,2.6,0.8,iii,88
G,2.6,1.0,i,57
G,2.6,1.0,ii,150
G,2.6,1.0,iii,108
G,2.6,1.2,i,70
G,2.6,1.2,ii,167
G,2.6,1.2,iii,129
G,2.6,1.5,i,90
G,2.6,1.5,ii,195
G,2.6,1.5,iii,158
G,2.7,0.1,i,5
G,2.7,0.3,i,14
G,2.7,0.3,ii,80
G,2.7,0.3,iii,22
G,2.7,0.5,i,27
G,2.7,0.5,ii,102
G,2.7,0.5,iii,50
G,2.7,0.8,i,50
G,2.7,0.8,ii,130
G,2.7,0.8,iii,85
G,2.7,1.0,i,57
G,2.7,1.0,ii,148
G,2.7,1.0,iii,105
G,2.7,1.2,i,70
G,2.7,1.2,ii,166
G,2.7,1.2,iii,123
G,2.7,1.5,i,89
G,2.7,1.5,ii,194
G,2.7,1.5,iii,150
G,2.8,0.1,i,4
G,2.8,0.3,i,14
G,2.8,0.3,ii,79
G,2.8,0.3,iii,22
G,2.8,0.5,i,26
G,2.8,0.5,ii,101
G,2.8,0.5,iii,49
G,2.8,0.8,i,50
G,2.8,0.8,ii,128
G,2.8,0.8,iii,84
G,2.8,1.0,i,56
G,2.8,1.0,ii,145
G,2.8,1.0,iii,103
G,2.8,1.2,i,69
G,2.8,1.2,ii,164
G,2.8,1.2,iii,119
G,2.8,1.5,i,88
G,2.8,1.5,ii,185
G,2.8,1.5,iii,147
G,2.9,0.1,i,4
G,2.9,0.3,i,13
G,2.9,0.3,ii,78
G,2.9,0.3,iii,21
G,2.9,0.5,i,26
G,2.9,0.5,ii,98
G,2.9,0.5,iii,40
G,2.9,0.8,i,50
G,2.9,0.8,ii,127
G,2.9,0.8,iii,84
G,2.9,1.0,i,55
G,2.9,1.0,ii,140
G,2.9,1.0,iii,100
G,2.9,1.2,i,68
G,2.9,1.2,ii,154
G,2.9,1.2,iii,118
G,2.9,1.5,i,87
G,2.9,1.5,ii,174
G,2.9,1.5,iii,146
G,3.0,0.1,i,4
G,3.0,0.3,i,13
G,3.0,0.3,ii,76
G,3.0,0.3,iii,20
G,3.0,0.5,i,25
G,3.0,0.5,ii,97
G,3.0,0.5,iii,39
G,3.0,0.8,i,42
G,3.0,0.8,ii,125
G,3.0,0.8,iii,83
G,3.0,1.0,i,54
G,3.0,1.0,ii,138
G,3.0,1.0,iii,98
G,3.0,1.2,i,66
G,3.0,1.2,ii,152
G,3.0,1.2,iii,115
G,3.0,1.5,i,87
G,3.0,1.5,ii,173
G,3.0,1.5,iii,144
